kode,kategori_asli,kategori,uraian,satuan,harga_satuan,tahun,kota,sumber
1.1.12.01.01.0001,Asbes,atap,Asbes Gelombang,Lembar,117400,2026,Kabupaten Bandung,Perbup No.55 Tahun 2025
1.1.12.01.01.0001,Asbes,atap,"Atap asbes gelombang, uk. 1.05 x 1.80 x 4 mm",Lembar,77900,2026,Kabupaten Bandung,Perbup No.55 Tahun 2025
1.1.12.01.01.0001,Asbes,atap,"Atap asbes gelombang, uk. 1.05 x 2.10 x 5 mm",Lembar,110700,2026,Kabupaten Bandung,Perbup No.55 Tahun 2025
1.1.12.01.01.0001,Asbes,atap,"Atap asbes gelombang, uk. 1.05 x 2.40 x 4 mm",Lembar,93200,2026,Kabupaten Bandung,Perbup No.55 Tahun 2025
1.1.12.01.01.0001,Asbes,atap,"Atap asbes gelombang, uk. 1.05 x 2.50 x 5 mm",Lembar,140400,2026,Kabupaten Bandung,Perbup No.55 Tahun 2025
1.1.12.01.01.0001,Asbes,atap,"Atap asbes gelombang, uk. 1.05 x 2.70 x 4 mm",Lembar,116300,2026,Kabupaten Bandung,Perbup No.55 Tahun 2025
1.1.12.01.01.0001,Asbes,atap,"Atap asbes gelombang, uk. 1.05 x 3.00 x 4 mm",Lembar,107400,2026,Kabupaten Bandung,Perbup No.55 Tahun 2025
1.1.12.01.01.0001,Asbes,atap,"Atap asbes gelombang, uk. 1.05 x 3.00 x 5 mm",Lembar,185300,2026,Kabupaten Bandung,Perbup No.55 Tahun 2025
1.1.12.01.01.0001,Asbes,atap,"Atap asbes gelombang, uk. 1.10 x 1.80 x 5 mm",Lembar,109700,2026,Kabupaten Bandung,Perbup No.55 Tahun 2025
1.1.12.01.01.0001,Asbes,atap,"Atap asbes gelombang, uk. 1.10 x 1.80 x 6 mm",Lembar,131600,2026,Kabupaten Bandung,Perbup No.55 Tahun 2025
1.1.12.01.01.0001,Asbes,atap,"Atap asbes gelombang, uk. 1.10 x 2.00 x 5 mm",Lembar,106400,2026,Kabupaten Bandung,Perbup No.55 Tahun 2025
1.1.12.01.01.0001,Asbes,atap,"Atap asbes gelombang, uk. 1.10 x 2.00 x 6 mm",Lembar,148100,2026,Kabupaten Bandung,Perbup No.55 Tahun 2025
1.1.12.01.01.0001,Asbes,atap,"Atap asbes gelombang, uk. 1.10 x 2.25 x 5 mm",Lembar,119500,2026,Kabupaten Bandung,Perbup No.55 Tahun 2025
1.1.12.01.01.0001,Asbes,atap,"Atap asbes gelombang, uk. 1.10 x 2.25 x 6 mm",Lembar,137100,2026,Kabupaten Bandung,Perbup No.55 Tahun 2025
1.1.12.01.01.0001,Asbes,atap,"Atap asbes gelombang, uk. 1.10 x 2.50 x 6 mm",Lembar,170000,2026,Kabupaten Bandung,Perbup No.55 Tahun 2025
1.1.12.01.01.0001,Asbes,atap,"Atap asbes gelombang, uk. 1.10 x 3.00 x 6 mm",Lembar,263200,2026,Kabupaten Bandung,Perbup No.55 Tahun 2025
1.1.12.01.01.0001,Asbes,atap,Gelombang uk. 110 x 180 x tebal 5 mm,Lembar,117400,2026,Kabupaten Bandung,Perbup No.55 Tahun 2025
1.1.12.01.01.0001,Asbes,atap,Gelombang uk. 110 x 200 x tebal 5 mm,Lembar,104200,2026,Kabupaten Bandung,Perbup No.55 Tahun 2025
1.1.12.01.01.0001,Aspal,jalan,Aspal,Kg,19300,2026,Kabupaten Bandung,Perbup No.55 Tahun 2025
1.1.12.01.01.0001,Aspal,jalan,Asphaltic plug Moveable,Kg,37300,2026,Kabupaten Bandung,Perbup No.55 Tahun 2025
1.1.12.01.01.0001,Aspal,jalan,Curah,Kg,17500,2026,Kabupaten Bandung,Perbup No.55 Tahun 2025
1.1.12.01.01.0001,Aspal,jalan,Emulsi,Kg,15900,2026,Kabupaten Bandung,Perbup No.55 Tahun 2025
1.1.12.01.01.0001,Aspal,jalan,Emulsi CRS-1 atau SS-1,Liter,15200,2026,Kabupaten Bandung,Perbup No.55 Tahun 2025
1.1.12.01.01.0001,Aspal,jalan,Emulsi CSS-1 atau SS-1,Liter,12300,2026,Kabupaten Bandung,Perbup No.55 Tahun 2025
1.1.12.01.01.0001,Aspal,jalan,Emulsi Modifikasi Polimer 1h,Liter,14800,2026,Kabupaten Bandung,Perbup No.55 Tahun 2025
1.1.12.01.01.0001,Aspal,jalan,Emulsi Modifikasi Polimer 2h,Liter,14600,2026,Kabupaten Bandung,Perbup No.55 Tahun 2025
1.1.12.01.01.0001,Aspal,jalan,Hotmik AC-WC ( Loco),Ton,1506200,2026,Kabupaten Bandung,Perbup No.55 Tahun 2025
1.1.12.01.01.0001,Aspal,jalan,Material Aspal - Material Aspal Beton (Ac-Bc),Ton,1919400,2026,Kabupaten Bandung,Perbup No.55 Tahun 2025
1.1.12.01.01.0001,Aspal,jalan,Material Aspal - Material Aspal Beton (Ac-Wc),Ton,2343800,2026,Kabupaten Bandung,Perbup No.55 Tahun 2025
1.1.12.01.01.0001,Aspal,jalan,Material ATB (AC-Base),Ton,1590300,2026,Kabupaten Bandung,Perbup No.55 Tahun 2025
1.1.12.01.01.0001,Aspal,jalan,Material Hotmix,Ton,1645100,2026,Kabupaten Bandung,Perbup No.55 Tahun 2025
1.1.12.01.01.0001,Aspal,jalan,Material laston ( HRS ),Ton,1743900,2026,Kabupaten Bandung,Perbup No.55 Tahun 2025
1.1.12.01.01.0001,Aspal,jalan,Material Laston (AC - WC),Ton,1386100,2026,Kabupaten Bandung,Perbup No.55 Tahun 2025
1.1.12.01.01.0001,Dan Konstruksi,material_umum,"5/8"" Driving Stud dan Aksesoris",Unit,37100,2026,Kabupaten Bandung,Perbup No.55 Tahun 2025
1.1.12.01.01.0001,Dan Konstruksi,material_umum,"5/8"" Rod Coupling dan Aksesoris",Batang,214000,2026,Kabupaten Bandung,Perbup No.55 Tahun 2025
1.1.12.01.01.0001,Dan Konstruksi,material_umum,Accelerator,Kg,37300,2026,Kabupaten Bandung,Perbup No.55 Tahun 2025
1.1.12.01.01.0001,Dan Konstruksi,material_umum,Acian Bata Ringan (40 Kg),Zak,195300,2026,Kabupaten Bandung,Perbup No.55 Tahun 2025
1.1.12.01.01.0001,Dan Konstruksi,material_umum,Aditif anti lumut,Kg,82200,2026,Kabupaten Bandung,Perbup No.55 Tahun 2025
1.1.12.01.01.0001,Dan Konstruksi,material_umum,Aditif beton,Kg,53100,2026,Kabupaten Bandung,Perbup No.55 Tahun 2025
1.1.12.01.01.0001,Dan Konstruksi,material_umum,Air,Liter,200,2026,Kabupaten Bandung,Perbup No.55 Tahun 2025
1.1.12.01.01.0001,Dan Konstruksi,material_umum,Air Terminal @ 1.000 mm dan Aksesoris,Unit,1287600,2026,Kabupaten Bandung,Perbup No.55 Tahun 2025
1.1.12.01.01.0001,Dan Konstruksi,material_umum,Akrilik,M2,182900,2026,Kabupaten Bandung,Perbup No.55 Tahun 2025
1.1.12.01.01.0001,Dan Konstruksi,material_umum,Alang-alang,Ikat,13400,2026,Kabupaten Bandung,Perbup No.55 Tahun 2025
1.1.12.01.01.0001,Dan Konstruksi,material_umum,Alkasit,Kg,28800,2026,Kabupaten Bandung,Perbup No.55 Tahun 2025
1.1.12.01.01.0001,Dan Konstruksi,material_umum,Aluminium Strip,M,95200,2026,Kabupaten Bandung,Perbup No.55 Tahun 2025
1.1.12.01.01.0001,Dan Konstruksi,material_umum,Alumunium foil,M2,38800,2026,Kabupaten Bandung,Perbup No.55 Tahun 2025
1.1.12.01.01.0001,Dan Konstruksi,material_umum,Alumunium Foil Double Side,M2,50400,2026,Kabupaten Bandung,Perbup No.55 Tahun 2025
1.1.12.01.01.0001,Dan Konstruksi,material_umum,Alumunium Foil Double Side 4mm,M2,69000,2026,Kabupaten Bandung,Perbup No.55 Tahun 2025
1.1.12.01.01.0001,Dan Konstruksi,material_umum,Alumunium Gelombang Uk. 95x180cm,Lembar,69000,2026,Kabupaten Bandung,Perbup No.55 Tahun 2025
1.1.12.01.01.0001,Dan Konstruksi,material_umum,Alumunium Spandrel 0.1m x 6m,Lembar,301700,2026,Kabupaten Bandung,Perbup No.55 Tahun 2025
1.1.12.01.01.0001,Dan Konstruksi,material_umum,Amplas,Lembar,1600,2026,Kabupaten Bandung,Perbup No.55 Tahun 2025
1.1.12.01.01.0001,Dan Konstruksi,material_umum,Amplas Halus,M,14200,2026,Kabupaten Bandung,Perbup No.55 Tahun 2025
1.1.12.01.01.0001,Dan Konstruksi,material_umum,Amplas Kasar,M,12100,2026,Kabupaten Bandung,Perbup No.55 Tahun 2025
1.1.12.01.01.0001,Dan Konstruksi,material_umum,Amplas Sedang,M,8800,2026,Kabupaten Bandung,Perbup No.55 Tahun 2025
1.1.12.01.01.0001,Dan Konstruksi,material_umum,Anchor Bolt Uk. D = 32 mm,Buah,256800,2026,Kabupaten Bandung,Perbup No.55 Tahun 2025
1.1.12.01.01.0001,Dan Konstruksi,material_umum,Angkur baut d= 16-19- 22 mm,Batang,71300,2026,Kabupaten Bandung,Perbup No.55 Tahun 2025
1.1.12.01.01.0001,Dan Konstruksi,material_umum,Anti Rayap Pada Tanah,Kg,64700,2026,Kabupaten Bandung,Perbup No.55 Tahun 2025
1.1.12.01.01.0001,Dan Konstruksi,material_umum,Anyaman Bambu (Geribig),Lembar,74900,2026,Kabupaten Bandung,Perbup No.55 Tahun 2025
1.1.12.01.01.0001,Dan Konstruksi,material_umum,Anyaman Kawat Baja Dilas,Kg,34700,2026,Kabupaten Bandung,Perbup No.55 Tahun 2025
1.1.12.01.01.0001,Dan Konstruksi,material_umum,Arbocell,Kg,54900,2026,Kabupaten Bandung,Perbup No.55 Tahun 2025
1.1.12.01.01.0001,Dan Konstruksi,material_umum,Atap Fibreglass,M2,125600,2026,Kabupaten Bandung,Perbup No.55 Tahun 2025
1.1.12.01.01.0001,Dan Konstruksi,material_umum,Atap Metal Berpasir,M2,35800,2026,Kabupaten Bandung,Perbup No.55 Tahun 2025
1.1.12.01.01.0001,Dan Konstruksi,material_umum,Atap Metal Lembaran,M2,37800,2026,Kabupaten Bandung,Perbup No.55 Tahun 2025
1.1.12.01.01.0001,Dan Konstruksi,material_umum,Atap Metal Menerus Tebal 0.4mm,M2,497600,2026,Kabupaten Bandung,Perbup No.55 Tahun 2025
1.1.12.01.01.0001,Dan Konstruksi,material_umum,"Atap Plastik Uv 12%, Tebal 200 Mc",M2,100900,2026,Kabupaten Bandung,Perbup No.55 Tahun 2025
1.1.12.01.01.0001,Dan Konstruksi,material_umum,Atap Sirap Kayu Ulin,Ikat,179000,2026,Kabupaten Bandung,Perbup No.55 Tahun 2025
1.1.12.01.01.0001,Dan Konstruksi,material_umum,Atap Sirap Kayu Ulin,M2,987100,2026,Kabupaten Bandung,Perbup No.55 Tahun 2025
1.1.12.01.01.0001,Dan Konstruksi,material_umum,Atap UPVC Uk. 86x1190cm,Lembar,176600,2026,Kabupaten Bandung,Perbup No.55 Tahun 2025
1.1.12.01.01.0001,Dan Konstruksi,material_umum,"Atap Zincalum t = 0,35mm",M2,141500,2026,Kabupaten Bandung,Perbup No.55 Tahun 2025
1.1.12.01.01.0001,Dan Konstruksi,material_umum,Automatic Air Vent ; Dia. 1/2“ (15 mm) + Material Bantu,Buah,529700,2026,Kabupaten Bandung,Perbup No.55 Tahun 2025
1.1.12.01.01.0001,Dan Konstruksi,material_umum,Automatic Air Vent ; Dia. 1“ (25 mm) + Material Bantu,Buah,882800,2026,Kabupaten Bandung,Perbup No.55 Tahun 2025
1.1.12.01.01.0001,Dan Konstruksi,material_umum,Automatic Air Vent ; Dia. 2“ (50 mm) + Material Bantu,Buah,1284000,2026,Kabupaten Bandung,Perbup No.55 Tahun 2025
1.1.12.01.01.0001,Dan Konstruksi,material_umum,Automatic Air Vent ; Dia. 3“ (80 mm) + Material Bantu,Buah,1786900,2026,Kabupaten Bandung,Perbup No.55 Tahun 2025
1.1.12.01.01.0001,Dan Konstruksi,material_umum,Automatic Air Vent ; Dia. 4“ (100 mm) + Material Bantu,Buah,1972700,2026,Kabupaten Bandung,Perbup No.55 Tahun 2025
1.1.12.01.01.0001,Dan Konstruksi,material_umum,Automatic Air Vent ; Dia. 6“ (150 mm) + Material Bantu,Buah,3279100,2026,Kabupaten Bandung,Perbup No.55 Tahun 2025
1.1.12.01.01.0001,Dan Konstruksi,material_umum,Automatic Air Vent dia. 50 mm dan Aksesoris,Unit,1444500,2026,Kabupaten Bandung,Perbup No.55 Tahun 2025
1.1.12.01.01.0001,Dan Konstruksi,material_umum,Automatic Air Vent dia. 80 mm dan Aksesoris,Unit,3424000,2026,Kabupaten Bandung,Perbup No.55 Tahun 2025
1.1.12.01.01.0001,Dan Konstruksi,material_umum,Backer rod diameter 3/8 inch,M,25300,2026,Kabupaten Bandung,Perbup No.55 Tahun 2025
1.1.12.01.01.0001,Dan Konstruksi,material_umum,Bahan Pengisi (Filler) Tambahan,Kg,3000,2026,Kabupaten Bandung,Perbup No.55 Tahun 2025
1.1.12.01.01.0001,Dan Konstruksi,material_umum,Bak Air Fibreglass 0.3 m3,Unit,422500,2026,Kabupaten Bandung,Perbup No.55 Tahun 2025
1.1.12.01.01.0001,Dan Konstruksi,material_umum,Bak Air Fibreglass 1 m3,Unit,979900,2026,Kabupaten Bandung,Perbup No.55 Tahun 2025
1.1.12.01.01.0001,Dan Konstruksi,material_umum,Bak Cat,Buah,24000,2026,Kabupaten Bandung,Perbup No.55 Tahun 2025
1.1.12.01.01.0001,Dan Konstruksi,material_umum,Bak Cuci Piring Stainless Steel,Unit,935700,2026,Kabupaten Bandung,Perbup No.55 Tahun 2025
1.1.12.01.01.0001,Dan Konstruksi,material_umum,Bak cuci piring teraso,Buah,334500,2026,Kabupaten Bandung,Perbup No.55 Tahun 2025
1.1.12.01.01.0001,Dan Konstruksi,material_umum,Bak kontrol precast D 40 cm,Buah,493600,2026,Kabupaten Bandung,Perbup No.55 Tahun 2025
1.1.12.01.01.0001,Dan Konstruksi,material_umum,Bak Mandi Fibreglass 60x60 Cm,Buah,438700,2026,Kabupaten Bandung,Perbup No.55 Tahun 2025
1.1.12.01.01.0001,Dan Konstruksi,material_umum,Bak penangkap lemak precast 40 cm,Buah,441300,2026,Kabupaten Bandung,Perbup No.55 Tahun 2025
1.1.12.01.01.0001,Dan Konstruksi,material_umum,Bak Teraso,Unit,706200,2026,Kabupaten Bandung,Perbup No.55 Tahun 2025
1.1.12.01.01.0001,Dan Konstruksi,material_umum,Bar screen,Unit,8901200,2026,Kabupaten Bandung,Perbup No.55 Tahun 2025
1.1.12.01.01.0001,Dan Konstruksi,material_umum,Base Air Terminal dan Aksesoris,Unit,1070000,2026,Kabupaten Bandung,Perbup No.55 Tahun 2025
1.1.12.01.01.0001,Dan Konstruksi,material_umum,,Batang,945000,2026,Kabupaten Bandung,Perbup No.55 Tahun 2025
1.1.12.01.01.0001,Dan Konstruksi,material_umum,,Batang,856000,2026,Kabupaten Bandung,Perbup No.55 Tahun 2025
1.1.12.01.01.0001,Dan Konstruksi,material_umum,Bathtub,Unit,2824800,2026,Kabupaten Bandung,Perbup No.55 Tahun 2025
1.1.12.01.01.0001,Dan Konstruksi,material_umum,BCC 10 mm2 (0.10 Kg/m) dan Aksesoris,M,20000,2026,Kabupaten Bandung,Perbup No.55 Tahun 2025
1.1.12.01.01.0001,Dan Konstruksi,material_umum,BCC 16 mm2 (0.16 Kg/m) dan Aksesoris,M,30600,2026,Kabupaten Bandung,Perbup No.55 Tahun 2025
1.1.12.01.01.0001,Dan Konstruksi,material_umum,BCC 25 mm2 (0.25 Kg/m) dan Aksesoris,M,43500,2026,Kabupaten Bandung,Perbup No.55 Tahun 2025
1.1.12.01.01.0001,Dan Konstruksi,material_umum,BCC 35 mm2 (0.35 Kg/m) dan Aksesoris,M,75000,2026,Kabupaten Bandung,Perbup No.55 Tahun 2025
1.1.12.01.01.0001,Dan Konstruksi,material_umum,BCC 4 mm2 (0.04 Kg/m) dan Aksesoris,M,8500,2026,Kabupaten Bandung,Perbup No.55 Tahun 2025
1.1.12.01.01.0001,Dan Konstruksi,material_umum,BCC 50 mm2 (0.50 Kg/m) dan Aksesoris,M,138900,2026,Kabupaten Bandung,Perbup No.55 Tahun 2025
1.1.12.01.01.0001,Dan Konstruksi,material_umum,BCC 6 mm2 (0.06 Kg/m) dan Aksesoris,M,11800,2026,Kabupaten Bandung,Perbup No.55 Tahun 2025
1.1.12.01.01.0001,Dan Konstruksi,material_umum,BCC 70 mm2 (0.70 Kg/m) dan Aksesoris,M,278900,2026,Kabupaten Bandung,Perbup No.55 Tahun 2025
1.1.12.01.01.0001,Dan Konstruksi,material_umum,BCC 95 mm2 (0.95 Kg/m) dan Aksesoris,M,296600,2026,Kabupaten Bandung,Perbup No.55 Tahun 2025
1.1.12.01.01.0001,Dan Konstruksi,material_umum,BCV Set dia. 100mm,Set,7689000,2026,Kabupaten Bandung,Perbup No.55 Tahun 2025
1.1.12.01.01.0001,Dan Konstruksi,material_umum,BCV Set dia. 150mm,Set,8171600,2026,Kabupaten Bandung,Perbup No.55 Tahun 2025
1.1.12.01.01.0001,Dan Konstruksi,material_umum,BCV Set dia. 50mm,Set,7597000,2026,Kabupaten Bandung,Perbup No.55 Tahun 2025
1.1.12.01.01.0001,Dan Konstruksi,material_umum,BCV Set dia. 65mm,Set,7597000,2026,Kabupaten Bandung,Perbup No.55 Tahun 2025
1.1.12.01.01.0001,Dan Konstruksi,material_umum,BCV Set dia. 80mm,Set,7597000,2026,Kabupaten Bandung,Perbup No.55 Tahun 2025
1.1.12.01.01.0001,Dan Konstruksi,material_umum,Benang,Roll,11000,2026,Kabupaten Bandung,Perbup No.55 Tahun 2025
1.1.12.01.01.0001,Dan Konstruksi,material_umum,Bentonite,Zak,235800,2026,Kabupaten Bandung,Perbup No.55 Tahun 2025
1.1.12.01.01.0001,Dan Konstruksi,material_umum,Bentonite,Kg,4700,2026,Kabupaten Bandung,Perbup No.55 Tahun 2025
1.1.12.01.01.0001,Dan Konstruksi,material_umum,Bentonite,M3,9800,2026,Kabupaten Bandung,Perbup No.55 Tahun 2025
1.1.12.01.01.0001,Dan Konstruksi,material_umum,Bilik Bambu,M2,11800,2026,Kabupaten Bandung,Perbup No.55 Tahun 2025
1.1.12.01.01.0001,Dan Konstruksi,material_umum,Bimetallic Connector dan Aksesoris,Unit,124100,2026,Kabupaten Bandung,Perbup No.55 Tahun 2025
1.1.12.01.01.0001,Dan Konstruksi,material_umum,Block Board Tebal 2x18mm,M2,313000,2026,Kabupaten Bandung,Perbup No.55 Tahun 2025
1.1.12.01.01.0001,Dan Konstruksi,material_umum,"Bondeck - Tebal 0,75 Panjang 3 - 7 Meter",M,164600,2026,Kabupaten Bandung,Perbup No.55 Tahun 2025
1.1.12.01.01.0001,Dan Konstruksi,material_umum,Box Meter,Buah,108400,2026,Kabupaten Bandung,Perbup No.55 Tahun 2025
1.1.12.01.01.0001,Dan Konstruksi,material_umum,Bridging Plate PL 125 x 6,Kg,18600,2026,Kabupaten Bandung,Perbup No.55 Tahun 2025
1.1.12.01.01.0001,Dan Konstruksi,material_umum,Bubuk Poles,Kg,235400,2026,Kabupaten Bandung,Perbup No.55 Tahun 2025
1.1.12.01.01.0001,Dan Konstruksi,material_umum,Bubung Setel Gelombang 105cm,Lembar,58900,2026,Kabupaten Bandung,Perbup No.55 Tahun 2025
1.1.12.01.01.0001,Dan Konstruksi,material_umum,Bubung Setel Gelombang 108cm,Lembar,69600,2026,Kabupaten Bandung,Perbup No.55 Tahun 2025
1.1.12.01.01.0001,Dan Konstruksi,material_umum,Bubung Setel Gelombang 92cm,Lembar,48200,2026,Kabupaten Bandung,Perbup No.55 Tahun 2025
1.1.12.01.01.0001,Dan Konstruksi,material_umum,Butterfly Valve w/Temper Switch 100mm,Buah,6216700,2026,Kabupaten Bandung,Perbup No.55 Tahun 2025
1.1.12.01.01.0001,Dan Konstruksi,material_umum,Butterfly Valve w/Temper Switch 150mm,Buah,9041500,2026,Kabupaten Bandung,Perbup No.55 Tahun 2025
1.1.12.01.01.0001,Dan Konstruksi,material_umum,Butterfly Valve w/Temper Switch 50mm,Buah,5938500,2026,Kabupaten Bandung,Perbup No.55 Tahun 2025
1.1.12.01.01.0001,Dan Konstruksi,material_umum,Butterfly Valve w/Temper Switch 65mm,Buah,5457000,2026,Kabupaten Bandung,Perbup No.55 Tahun 2025
1.1.12.01.01.0001,Dan Konstruksi,material_umum,Butterfly Valve w/Temper Switch 80mm,Buah,5794100,2026,Kabupaten Bandung,Perbup No.55 Tahun 2025
1.1.12.01.01.0001,Dan Konstruksi,material_umum,Cairan Perontok Karat,Kg,235400,2026,Kabupaten Bandung,Perbup No.55 Tahun 2025
1.1.12.01.01.0001,Dan Konstruksi,material_umum,Cairan Primer,Kg,87800,2026,Kabupaten Bandung,Perbup No.55 Tahun 2025
1.1.12.01.01.0001,Dan Konstruksi,material_umum,Casing,M2,88200,2026,Kabupaten Bandung,Perbup No.55 Tahun 2025
1.1.12.01.01.0001,Dan Konstruksi,material_umum,Catridge Filter 20 icn (Air RO),Unit,24800000,2026,Kabupaten Bandung,Perbup No.55 Tahun 2025
1.1.12.01.01.0001,Dan Konstruksi,material_umum,"Catridge Filter 20"" (Air RO)",Unit,252300,2026,Kabupaten Bandung,Perbup No.55 Tahun 2025
1.1.12.01.01.0001,Dan Konstruksi,material_umum,Cetakan diameter 120 cm,Buah,80300,2026,Kabupaten Bandung,Perbup No.55 Tahun 2025
1.1.12.01.01.0001,Dan Konstruksi,material_umum,Cetakan diameter 80 cm,Buah,54100,2026,Kabupaten Bandung,Perbup No.55 Tahun 2025
1.1.12.01.01.0001,Dan Konstruksi,material_umum,Cetakan Paving Blok,Buah,107000,2026,Kabupaten Bandung,Perbup No.55 Tahun 2025
1.1.12.01.01.0001,Dan Konstruksi,material_umum,Clamp BC L Uk. BC 70mm2 dan Aksesoris,Unit,11800,2026,Kabupaten Bandung,Perbup No.55 Tahun 2025
1.1.12.01.01.0001,Dan Konstruksi,material_umum,"Clamp PVC 1"" dan Aksesoris",Unit,1500,2026,Kabupaten Bandung,Perbup No.55 Tahun 2025
1.1.12.01.01.0001,Dan Konstruksi,material_umum,Clean out dia. 100 mm,Unit,115200,2026,Kabupaten Bandung,Perbup No.55 Tahun 2025
1.1.12.01.01.0001,Dan Konstruksi,material_umum,Clean out dia. 50 mm,Unit,98800,2026,Kabupaten Bandung,Perbup No.55 Tahun 2025
1.1.12.01.01.0001,Dan Konstruksi,material_umum,Closet Duduk,Unit,3290300,2026,Kabupaten Bandung,Perbup No.55 Tahun 2025
1.1.12.01.01.0001,Dan Konstruksi,material_umum,Closet Jongkok,Unit,459600,2026,Kabupaten Bandung,Perbup No.55 Tahun 2025
1.1.12.01.01.0001,Dan Konstruksi,material_umum,Colour Hardener,Kg,21900,2026,Kabupaten Bandung,Perbup No.55 Tahun 2025
1.1.12.01.01.0001,Dan Konstruksi,material_umum,Compound,Kg,3185,2026,Kabupaten Bandung,Perbup No.55 Tahun 2025
1.1.12.01.01.0001,Dan Konstruksi,material_umum,Compound gypsum,Zak,63700,2026,Kabupaten Bandung,Perbup No.55 Tahun 2025
1.1.12.01.01.0001,Dan Konstruksi,material_umum,Connector,Buah,23000,2026,Kabupaten Bandung,Perbup No.55 Tahun 2025
1.1.12.01.01.0001,Dan Konstruksi,material_umum,,Unit,236300,2026,Kabupaten Bandung,Perbup No.55 Tahun 2025
1.1.12.01.01.0001,Dan Konstruksi,material_umum,Coupler HDPE ND 110 mm,Buah,1071500,2026,Kabupaten Bandung,Perbup No.55 Tahun 2025
1.1.12.01.01.0001,Dan Konstruksi,material_umum,Coupler HDPE ND 50 mm,Buah,155800,2026,Kabupaten Bandung,Perbup No.55 Tahun 2025
1.1.12.01.01.0001,Dan Konstruksi,material_umum,Coupler HDPE ND 63 mm,Buah,215000,2026,Kabupaten Bandung,Perbup No.55 Tahun 2025
1.1.12.01.01.0001,Dan Konstruksi,material_umum,Coupler HDPE ND 90 mm,Buah,501200,2026,Kabupaten Bandung,Perbup No.55 Tahun 2025
1.1.12.01.01.0001,Dan Konstruksi,material_umum,Coupling 1 Set,Set,141300,2026,Kabupaten Bandung,Perbup No.55 Tahun 2025
1.1.12.01.01.0001,Dan Konstruksi,material_umum,Coupling Bonding Grounded Rod 70 mm2 dan Aksesoris,Unit,80300,2026,Kabupaten Bandung,Perbup No.55 Tahun 2025
1.1.12.01.01.0001,Dan Konstruksi,material_umum,Curing Compound,Liter,31800,2026,Kabupaten Bandung,Perbup No.55 Tahun 2025
1.1.12.01.01.0001,Dan Konstruksi,material_umum,Cutting Resibon Wd,Dus,104200,2026,Kabupaten Bandung,Perbup No.55 Tahun 2025
1.1.12.01.01.0001,Dan Konstruksi,material_umum,DC Clip Non Metalic Clamp dan Aksesoris,Unit,14200,2026,Kabupaten Bandung,Perbup No.55 Tahun 2025
1.1.12.01.01.0001,Dan Konstruksi,material_umum,Dempul Duco,Kg,50500,2026,Kabupaten Bandung,Perbup No.55 Tahun 2025
1.1.12.01.01.0001,Dan Konstruksi,material_umum,Dempul kayu,Kg,41200,2026,Kabupaten Bandung,Perbup No.55 Tahun 2025
1.1.12.01.01.0001,Dan Konstruksi,material_umum,Dempul lilin,Kg,19800,2026,Kabupaten Bandung,Perbup No.55 Tahun 2025
1.1.12.01.01.0001,Dan Konstruksi,material_umum,Dempul plastik,Kg,64700,2026,Kabupaten Bandung,Perbup No.55 Tahun 2025
1.1.12.01.01.0001,Dan Konstruksi,material_umum,Dempul Plitur,Kg,60300,2026,Kabupaten Bandung,Perbup No.55 Tahun 2025
1.1.12.01.01.0001,Dan Konstruksi,material_umum,Dempul Sampolac,Kg,81200,2026,Kabupaten Bandung,Perbup No.55 Tahun 2025
1.1.12.01.01.0001,Dan Konstruksi,material_umum,Dinabolt Ø12mm Uk. 10 - 15cm,Buah,5400,2026,Kabupaten Bandung,Perbup No.55 Tahun 2025
1.1.12.01.01.0001,Dan Konstruksi,material_umum,Door Closer,Set,47100,2026,Kabupaten Bandung,Perbup No.55 Tahun 2025
1.1.12.01.01.0001,Dan Konstruksi,material_umum,Door Closer,Buah,311200,2026,Kabupaten Bandung,Perbup No.55 Tahun 2025
1.1.12.01.01.0001,Dan Konstruksi,material_umum,Door closer stainless steel,Buah,531900,2026,Kabupaten Bandung,Perbup No.55 Tahun 2025
1.1.12.01.01.0001,Dan Konstruksi,material_umum,Door holder,Buah,263200,2026,Kabupaten Bandung,Perbup No.55 Tahun 2025
1.1.12.01.01.0001,Dan Konstruksi,material_umum,Door Lock (Untuk Ruang Server),Unit,8560000,2026,Kabupaten Bandung,Perbup No.55 Tahun 2025
1.1.12.01.01.0001,Dan Konstruksi,material_umum,Door Stop,Buah,32400,2026,Kabupaten Bandung,Perbup No.55 Tahun 2025
1.1.12.01.01.0001,Dan Konstruksi,material_umum,Door stop stainless steel,Buah,98800,2026,Kabupaten Bandung,Perbup No.55 Tahun 2025
1.1.12.01.01.0001,Dan Konstruksi,material_umum,Drum Air - kapasitas 120 liter,Buah,219400,2026,Kabupaten Bandung,Perbup No.55 Tahun 2025
1.1.12.01.01.0001,Dan Konstruksi,material_umum,Duct Tape,Roll,38000,2026,Kabupaten Bandung,Perbup No.55 Tahun 2025
1.1.12.01.01.0001,Dan Konstruksi,material_umum,"Dudukan, mur, baut dll",Buah,49600,2026,Kabupaten Bandung,Perbup No.55 Tahun 2025
1.1.12.01.01.0001,Dan Konstruksi,material_umum,Dynabolt,Buah,6600,2026,Kabupaten Bandung,Perbup No.55 Tahun 2025
1.1.12.01.01.0001,Dan Konstruksi,material_umum,Dynabolt m12,Buah,7200,2026,Kabupaten Bandung,Perbup No.55 Tahun 2025
1.1.12.01.01.0001,Dan Konstruksi,material_umum,Elastomer sintetis elastomer jenis 3; (450x400x45) mm3,Buah,1131800,2026,Kabupaten Bandung,Perbup No.55 Tahun 2025
1.1.12.01.01.0001,Dan Konstruksi,material_umum,Elektroda (Nikko 26),Dus,241300,2026,Kabupaten Bandung,Perbup No.55 Tahun 2025
1.1.12.01.01.0001,Dan Konstruksi,material_umum,Engsel,Buah,21200,2026,Kabupaten Bandung,Perbup No.55 Tahun 2025
1.1.12.01.01.0001,Dan Konstruksi,material_umum,Engsel Angin,Pasang,57000,2026,Kabupaten Bandung,Perbup No.55 Tahun 2025
1.1.12.01.01.0001,Dan Konstruksi,material_umum,Engsel Angin,Buah,57000,2026,Kabupaten Bandung,Perbup No.55 Tahun 2025
1.1.12.01.01.0001,Dan Konstruksi,material_umum,Engsel Casement 10 Inch,Set,97700,2026,Kabupaten Bandung,Perbup No.55 Tahun 2025
1.1.12.01.01.0001,Dan Konstruksi,material_umum,Engsel Casement 12 Inch,Set,114200,2026,Kabupaten Bandung,Perbup No.55 Tahun 2025
1.1.12.01.01.0001,Dan Konstruksi,material_umum,Engsel Casement 14 Inch,Set,155400,2026,Kabupaten Bandung,Perbup No.55 Tahun 2025
1.1.12.01.01.0001,Dan Konstruksi,material_umum,Engsel Casement 16 Inch,Set,195800,2026,Kabupaten Bandung,Perbup No.55 Tahun 2025
1.1.12.01.01.0001,Dan Konstruksi,material_umum,Engsel Casement 20 Inch,Set,294300,2026,Kabupaten Bandung,Perbup No.55 Tahun 2025
1.1.12.01.01.0001,Dan Konstruksi,material_umum,Engsel Casement 8 Inch,Set,93000,2026,Kabupaten Bandung,Perbup No.55 Tahun 2025
1.1.12.01.01.0001,Dan Konstruksi,material_umum,"Engsel jendela 3 """,Pasang,38400,2026,Kabupaten Bandung,Perbup No.55 Tahun 2025
1.1.12.01.01.0001,Dan Konstruksi,material_umum,Engsel Kupu-kupu 3 Inch,Buah,21600,2026,Kabupaten Bandung,Perbup No.55 Tahun 2025
1.1.12.01.01.0001,Dan Konstruksi,material_umum,Engsel Kupu-kupu 4 Inch,Buah,28800,2026,Kabupaten Bandung,Perbup No.55 Tahun 2025
1.1.12.01.01.0001,Dan Konstruksi,material_umum,Engsel Pintu,Buah,80400,2026,Kabupaten Bandung,Perbup No.55 Tahun 2025
1.1.12.01.01.0001,Dan Konstruksi,material_umum,Engsel Pintu (Besar) (Besar),Pasang,43900,2026,Kabupaten Bandung,Perbup No.55 Tahun 2025
1.1.12.01.01.0001,Dan Konstruksi,material_umum,Engsel Pintu (Kecil) (Kecil),Pasang,76800,2026,Kabupaten Bandung,Perbup No.55 Tahun 2025
1.1.12.01.01.0001,Dan Konstruksi,material_umum,"Engsel pintu 4 "" biasa/sederhana",Pasang,43900,2026,Kabupaten Bandung,Perbup No.55 Tahun 2025
1.1.12.01.01.0001,Dan Konstruksi,material_umum,Engsel Sendok ( nilon ),Pasang,27400,2026,Kabupaten Bandung,Perbup No.55 Tahun 2025
1.1.12.01.01.0001,Dan Konstruksi,material_umum,"Engsel−3"", ex Bos",Buah,29600,2026,Kabupaten Bandung,Perbup No.55 Tahun 2025
1.1.12.01.01.0001,Dan Konstruksi,material_umum,Epoxy Resin Grout,Kg,162100,2026,Kabupaten Bandung,Perbup No.55 Tahun 2025
1.1.12.01.01.0001,Dan Konstruksi,material_umum,Exhaust Grille 150 x 150 mm dan Aksesoris,Unit,101700,2026,Kabupaten Bandung,Perbup No.55 Tahun 2025
1.1.12.01.01.0001,Dan Konstruksi,material_umum,Exhaust Grille 200 x 200 mm dan Aksesoris,Unit,178900,2026,Kabupaten Bandung,Perbup No.55 Tahun 2025
1.1.12.01.01.0001,Dan Konstruksi,material_umum,Exhaust Grille 600 x 300 mm dan Aksesoris,Unit,872100,2026,Kabupaten Bandung,Perbup No.55 Tahun 2025
1.1.12.01.01.0001,Dan Konstruksi,material_umum,Exhaust Grille 650 x 350 mm dan Aksesoris,Unit,959300,2026,Kabupaten Bandung,Perbup No.55 Tahun 2025
1.1.12.01.01.0001,Dan Konstruksi,material_umum,Exhaust Grille 900 x 400 mm dan Aksesoris,Unit,1150300,2026,Kabupaten Bandung,Perbup No.55 Tahun 2025
1.1.12.01.01.0001,Dan Konstruksi,material_umum,Expansion Cap,Kg,9400,2026,Kabupaten Bandung,Perbup No.55 Tahun 2025
1.1.12.01.01.0001,Dan Konstruksi,material_umum,Expansion Join Baja Siku,M,217200,2026,Kabupaten Bandung,Perbup No.55 Tahun 2025
1.1.12.01.01.0001,Dan Konstruksi,material_umum,Fan Louvre 1000 x 400 mm dan Aksesoris,Unit,3317500,2026,Kabupaten Bandung,Perbup No.55 Tahun 2025
1.1.12.01.01.0001,Dan Konstruksi,material_umum,Fan Louvre 1000 x 450 mm dan Aksesoris,Unit,3579200,2026,Kabupaten Bandung,Perbup No.55 Tahun 2025
1.1.12.01.01.0001,Dan Konstruksi,material_umum,Fan Louvre 750 x 400 mm dan Aksesoris,Unit,1660600,2026,Kabupaten Bandung,Perbup No.55 Tahun 2025
1.1.12.01.01.0001,Dan Konstruksi,material_umum,Fan Louvre 900 x 500 mm dan Aksesoris,Unit,2241900,2026,Kabupaten Bandung,Perbup No.55 Tahun 2025
1.1.12.01.01.0001,Dan Konstruksi,material_umum,Finish Cat,Lot,37500,2026,Kabupaten Bandung,Perbup No.55 Tahun 2025
1.1.12.01.01.0001,Dan Konstruksi,material_umum,Fischer S6 + Sekrup,Buah,17700,2026,Kabupaten Bandung,Perbup No.55 Tahun 2025
1.1.12.01.01.0001,Dan Konstruksi,material_umum,"Fix Coupling (Kuningan) Dia. 1/2""",Buah,20500,2026,Kabupaten Bandung,Perbup No.55 Tahun 2025
1.1.12.01.01.0001,Dan Konstruksi,material_umum,Fix Heat Detector Addressable dan Aksesoris,Unit,979700,2026,Kabupaten Bandung,Perbup No.55 Tahun 2025
1.1.12.01.01.0001,Dan Konstruksi,material_umum,Fix Heat Detector Konvensional dan Aksesoris,Unit,143400,2026,Kabupaten Bandung,Perbup No.55 Tahun 2025
1.1.12.01.01.0001,Dan Konstruksi,material_umum,Flashing,M,94400,2026,Kabupaten Bandung,Perbup No.55 Tahun 2025
1.1.12.01.01.0001,Dan Konstruksi,material_umum,Flexible Hose,Unit,13200,2026,Kabupaten Bandung,Perbup No.55 Tahun 2025
1.1.12.01.01.0001,Dan Konstruksi,material_umum,Flexible Joint 10 K ; Dia. 1/2“ (15 mm) + Material Bantu,Buah,421600,2026,Kabupaten Bandung,Perbup No.55 Tahun 2025
1.1.12.01.01.0001,Dan Konstruksi,material_umum,Flexible Joint 10 K ; Dia. 1“ (25 mm) + Material Bantu,Buah,492200,2026,Kabupaten Bandung,Perbup No.55 Tahun 2025
1.1.12.01.01.0001,Dan Konstruksi,material_umum,Flexible Joint 10 K ; Dia. 10“ (250 mm) + Material Bantu,Buah,4280000,2026,Kabupaten Bandung,Perbup No.55 Tahun 2025
1.1.12.01.01.0001,Dan Konstruksi,material_umum,,Buah,556400,2026,Kabupaten Bandung,Perbup No.55 Tahun 2025
1.1.12.01.01.0001,Dan Konstruksi,material_umum,,Buah,527500,2026,Kabupaten Bandung,Perbup No.55 Tahun 2025
1.1.12.01.01.0001,Dan Konstruksi,material_umum,Flexible Joint 10 K ; Dia. 12“ (300 mm) + Material Bantu,Buah,5617500,2026,Kabupaten Bandung,Perbup No.55 Tahun 2025
1.1.12.01.01.0001,Dan Konstruksi,material_umum,Flexible Joint 10 K ; Dia. 2“ (50 mm) + Material Bantu,Buah,674100,2026,Kabupaten Bandung,Perbup No.55 Tahun 2025
1.1.12.01.01.0001,Dan Konstruksi,material_umum,,Buah,773300,2026,Kabupaten Bandung,Perbup No.55 Tahun 2025
1.1.12.01.01.0001,Dan Konstruksi,material_umum,Flexible Joint 10 K ; Dia. 3/4“ (20 mm) + Material Bantu,Buah,458000,2026,Kabupaten Bandung,Perbup No.55 Tahun 2025
1.1.12.01.01.0001,Dan Konstruksi,material_umum,Flexible Joint 10 K ; Dia. 3“ (80 mm) + Material Bantu,Buah,1016500,2026,Kabupaten Bandung,Perbup No.55 Tahun 2025
1.1.12.01.01.0001,Dan Konstruksi,material_umum,Flexible Joint 10 K ; Dia. 4“ (100 mm) + Material Bantu,Buah,1230500,2026,Kabupaten Bandung,Perbup No.55 Tahun 2025
1.1.12.01.01.0001,Dan Konstruksi,material_umum,Flexible Joint 10 K ; Dia. 5“ (125 mm) + Material Bantu,Buah,1979500,2026,Kabupaten Bandung,Perbup No.55 Tahun 2025
1.1.12.01.01.0001,Dan Konstruksi,material_umum,Flexible Joint 10 K ; Dia. 6“ (150 mm) + Material Bantu,Buah,2407500,2026,Kabupaten Bandung,Perbup No.55 Tahun 2025
1.1.12.01.01.0001,Dan Konstruksi,material_umum,Flexible Joint 10 K ; Dia. 8“ (200 mm) + Material Bantu,Buah,3210000,2026,Kabupaten Bandung,Perbup No.55 Tahun 2025
1.1.12.01.01.0001,Dan Konstruksi,material_umum,Flexible Joint 20 K ; Dia. 1/2“ (15 mm) + Material Bantu,Buah,704100,2026,Kabupaten Bandung,Perbup No.55 Tahun 2025
1.1.12.01.01.0001,Dan Konstruksi,material_umum,Flexible Joint 20 K ; Dia. 1“ (25 mm) + Material Bantu,Buah,805700,2026,Kabupaten Bandung,Perbup No.55 Tahun 2025
1.1.12.01.01.0001,Dan Konstruksi,material_umum,Flexible Joint 20 K ; Dia. 10“ (250 mm) + Material Bantu,Buah,5128000,2026,Kabupaten Bandung,Perbup No.55 Tahun 2025
1.1.12.01.01.0001,Dan Konstruksi,material_umum,,Buah,868600,2026,Kabupaten Bandung,Perbup No.55 Tahun 2025
1.1.12.01.01.0001,Dan Konstruksi,material_umum,,Buah,853300,2026,Kabupaten Bandung,Perbup No.55 Tahun 2025
1.1.12.01.01.0001,Dan Konstruksi,material_umum,Flexible Joint 20 K ; Dia. 12“ (300 mm) + Material Bantu,Buah,5617500,2026,Kabupaten Bandung,Perbup No.55 Tahun 2025
1.1.12.01.01.0001,Dan Konstruksi,material_umum,Flexible Joint 20 K ; Dia. 14“ (350 mm) + Material Bantu,Buah,5894400,2026,Kabupaten Bandung,Perbup No.55 Tahun 2025
1.1.12.01.01.0001,Dan Konstruksi,material_umum,Flexible Joint 20 K ; Dia. 2“ (50 mm) + Material Bantu,Buah,921600,2026,Kabupaten Bandung,Perbup No.55 Tahun 2025
1.1.12.01.01.0001,Dan Konstruksi,material_umum,,Buah,1159300,2026,Kabupaten Bandung,Perbup No.55 Tahun 2025
1.1.12.01.01.0001,Dan Konstruksi,material_umum,Flexible Joint 20 K ; Dia. 3/4“ (20 mm) + Material Bantu,Buah,742600,2026,Kabupaten Bandung,Perbup No.55 Tahun 2025
1.1.12.01.01.0001,Dan Konstruksi,material_umum,Flexible Joint 20 K ; Dia. 3“ (80 mm) + Material Bantu,Buah,1517200,2026,Kabupaten Bandung,Perbup No.55 Tahun 2025
1.1.12.01.01.0001,Dan Konstruksi,material_umum,Flexible Joint 20 K ; Dia. 4“ (100 mm) + Material Bantu,Buah,2140000,2026,Kabupaten Bandung,Perbup No.55 Tahun 2025
1.1.12.01.01.0001,Dan Konstruksi,material_umum,Flexible Joint 20 K ; Dia. 5“ (125 mm) + Material Bantu,Buah,2909300,2026,Kabupaten Bandung,Perbup No.55 Tahun 2025
1.1.12.01.01.0001,Dan Konstruksi,material_umum,Flexible Joint 20 K ; Dia. 6“ (150 mm) + Material Bantu,Buah,3633400,2026,Kabupaten Bandung,Perbup No.55 Tahun 2025
1.1.12.01.01.0001,Dan Konstruksi,material_umum,Flexible Joint 20 K ; Dia. 8“ (200 mm) + Material Bantu,Buah,4292500,2026,Kabupaten Bandung,Perbup No.55 Tahun 2025
1.1.12.01.01.0001,Dan Konstruksi,material_umum,Flexible pipe,M,9600,2026,Kabupaten Bandung,Perbup No.55 Tahun 2025
1.1.12.01.01.0001,Dan Konstruksi,material_umum,Floater Valve ; Dia. 1/2“ (15 mm) + Material Bantu,Buah,321000,2026,Kabupaten Bandung,Perbup No.55 Tahun 2025
1.1.12.01.01.0001,Dan Konstruksi,material_umum,Floater Valve ; Dia. 1“ (25 mm) + Material Bantu,Buah,588500,2026,Kabupaten Bandung,Perbup No.55 Tahun 2025
1.1.12.01.01.0001,Dan Konstruksi,material_umum,Floater Valve ; Dia. 10“ (250 mm) + Material Bantu,Buah,20625300,2026,Kabupaten Bandung,Perbup No.55 Tahun 2025
1.1.12.01.01.0001,Dan Konstruksi,material_umum,Floater Valve ; Dia. 1-1/2“ (40 mm) + Material Bantu,Buah,1230500,2026,Kabupaten Bandung,Perbup No.55 Tahun 2025
1.1.12.01.01.0001,Dan Konstruksi,material_umum,Floater Valve ; Dia. 1-1/4“ (32 mm) + Material Bantu,Buah,909500,2026,Kabupaten Bandung,Perbup No.55 Tahun 2025
1.1.12.01.01.0001,Dan Konstruksi,material_umum,Floater Valve ; Dia. 12“ (300 mm) + Material Bantu,Buah,24816500,2026,Kabupaten Bandung,Perbup No.55 Tahun 2025
1.1.12.01.01.0001,Dan Konstruksi,material_umum,Floater Valve ; Dia. 2“ (50 mm) + Material Bantu,Buah,1337500,2026,Kabupaten Bandung,Perbup No.55 Tahun 2025
1.1.12.01.01.0001,Dan Konstruksi,material_umum,Floater Valve ; Dia. 2-1/2“ (65 mm) + Material Bantu,Buah,4280000,2026,Kabupaten Bandung,Perbup No.55 Tahun 2025
1.1.12.01.01.0001,Dan Konstruksi,material_umum,Floater Valve ; Dia. 3/4“ (20 mm) + Material Bantu,Buah,481500,2026,Kabupaten Bandung,Perbup No.55 Tahun 2025
1.1.12.01.01.0001,Dan Konstruksi,material_umum,Floater Valve ; Dia. 3“ (80 mm) + Material Bantu,Buah,6206000,2026,Kabupaten Bandung,Perbup No.55 Tahun 2025
1.1.12.01.01.0001,Dan Konstruksi,material_umum,Floater Valve ; Dia. 4“ (100 mm) + Material Bantu,Buah,7644700,2026,Kabupaten Bandung,Perbup No.55 Tahun 2025
1.1.12.01.01.0001,Dan Konstruksi,material_umum,Floater Valve ; Dia. 5“ (125 mm) + Material Bantu,Buah,9883600,2026,Kabupaten Bandung,Perbup No.55 Tahun 2025
1.1.12.01.01.0001,Dan Konstruksi,material_umum,Floater Valve ; Dia. 6“ (150 mm) + Material Bantu,Buah,11934800,2026,Kabupaten Bandung,Perbup No.55 Tahun 2025
1.1.12.01.01.0001,Dan Konstruksi,material_umum,Floater Valve ; Dia. 8“ (200 mm) + Material Bantu,Buah,16402000,2026,Kabupaten Bandung,Perbup No.55 Tahun 2025
1.1.12.01.01.0001,Dan Konstruksi,material_umum,Floor Clean Out ; Dia. 2“ (50 mm) + Material Bantu,Buah,91000,2026,Kabupaten Bandung,Perbup No.55 Tahun 2025
1.1.12.01.01.0001,Dan Konstruksi,material_umum,Floor Clean Out ; Dia. 2-1/2“ (65 mm) + Material Bantu,Buah,96300,2026,Kabupaten Bandung,Perbup No.55 Tahun 2025
1.1.12.01.01.0001,Dan Konstruksi,material_umum,Floor Clean Out ; Dia. 3“ (80 mm) + Material Bantu,Buah,133800,2026,Kabupaten Bandung,Perbup No.55 Tahun 2025
1.1.12.01.01.0001,Dan Konstruksi,material_umum,Floor Clean Out ; Dia. 4“ (100 mm) + Material Bantu,Buah,147700,2026,Kabupaten Bandung,Perbup No.55 Tahun 2025
1.1.12.01.01.0001,Dan Konstruksi,material_umum,Floor Clean Out ; Dia. 6“ (150 mm) + Material Bantu,Buah,428000,2026,Kabupaten Bandung,Perbup No.55 Tahun 2025
1.1.12.01.01.0001,Dan Konstruksi,material_umum,Floor Clean Out ; Dia. 8“ (200 mm) + Material Bantu,Buah,554300,2026,Kabupaten Bandung,Perbup No.55 Tahun 2025
1.1.12.01.01.0001,Dan Konstruksi,material_umum,Floor Drain,Unit,213900,2026,Kabupaten Bandung,Perbup No.55 Tahun 2025
1.1.12.01.01.0001,Dan Konstruksi,material_umum,Floor drain sederhana/ lokal,Unit,66800,2026,Kabupaten Bandung,Perbup No.55 Tahun 2025
1.1.12.01.01.0001,Dan Konstruksi,material_umum,Floor drain stainless Toto,Unit,197400,2026,Kabupaten Bandung,Perbup No.55 Tahun 2025
1.1.12.01.01.0001,Dan Konstruksi,material_umum,Floor Harderner,Kg,121800,2026,Kabupaten Bandung,Perbup No.55 Tahun 2025
1.1.12.01.01.0001,Dan Konstruksi,material_umum,Floor Hinge,Buah,556100,2026,Kabupaten Bandung,Perbup No.55 Tahun 2025
1.1.12.01.01.0001,Dan Konstruksi,material_umum,Floor hinges,Pasang,1717600,2026,Kabupaten Bandung,Perbup No.55 Tahun 2025
1.1.12.01.01.0001,Dan Konstruksi,material_umum,Fly Ash,Kg,500,2026,Kabupaten Bandung,Perbup No.55 Tahun 2025
1.1.12.01.01.0001,Dan Konstruksi,material_umum,Folding Door PVC,M2,1883200,2026,Kabupaten Bandung,Perbup No.55 Tahun 2025
1.1.12.01.01.0001,Dan Konstruksi,material_umum,Fondasi Pasangan Batu (Rollag Bata),M3,331900,2026,Kabupaten Bandung,Perbup No.55 Tahun 2025
1.1.12.01.01.0001,Dan Konstruksi,material_umum,Foot Valve ; Dia. 1/2“ (15 mm) + Material Bantu,Buah,59900,2026,Kabupaten Bandung,Perbup No.55 Tahun 2025
1.1.12.01.01.0001,Dan Konstruksi,material_umum,Foot Valve ; Dia. 1“ (25 mm) + Material Bantu,Buah,96300,2026,Kabupaten Bandung,Perbup No.55 Tahun 2025
1.1.12.01.01.0001,Dan Konstruksi,material_umum,Foot Valve ; Dia. 10“ (250 mm) + Material Bantu,Buah,5817600,2026,Kabupaten Bandung,Perbup No.55 Tahun 2025
1.1.12.01.01.0001,Dan Konstruksi,material_umum,Foot Valve ; Dia. 1-1/2“ (40 mm) + Material Bantu,Buah,123100,2026,Kabupaten Bandung,Perbup No.55 Tahun 2025
1.1.12.01.01.0001,Dan Konstruksi,material_umum,Foot Valve ; Dia. 1-1/4“ (32 mm) + Material Bantu,Buah,107000,2026,Kabupaten Bandung,Perbup No.55 Tahun 2025
1.1.12.01.01.0001,Dan Konstruksi,material_umum,Foot Valve ; Dia. 12“ (300 mm) + Material Bantu,Buah,8387700,2026,Kabupaten Bandung,Perbup No.55 Tahun 2025
1.1.12.01.01.0001,Dan Konstruksi,material_umum,Foot Valve ; Dia. 14“ (350 mm) + Material Bantu,Buah,11092700,2026,Kabupaten Bandung,Perbup No.55 Tahun 2025
1.1.12.01.01.0001,Dan Konstruksi,material_umum,Foot Valve ; Dia. 2“ (50 mm) + Material Bantu,Buah,155200,2026,Kabupaten Bandung,Perbup No.55 Tahun 2025
1.1.12.01.01.0001,Dan Konstruksi,material_umum,Foot Valve ; Dia. 2-1/2“ (65 mm) + Material Bantu,Buah,374500,2026,Kabupaten Bandung,Perbup No.55 Tahun 2025
1.1.12.01.01.0001,Dan Konstruksi,material_umum,Foot Valve ; Dia. 3/4“ (20 mm) + Material Bantu,Buah,83500,2026,Kabupaten Bandung,Perbup No.55 Tahun 2025
1.1.12.01.01.0001,Dan Konstruksi,material_umum,Foot Valve ; Dia. 3“ (80 mm) + Material Bantu,Buah,545700,2026,Kabupaten Bandung,Perbup No.55 Tahun 2025
1.1.12.01.01.0001,Dan Konstruksi,material_umum,Foot Valve ; Dia. 4“ (100 mm) + Material Bantu,Buah,695500,2026,Kabupaten Bandung,Perbup No.55 Tahun 2025
1.1.12.01.01.0001,Dan Konstruksi,material_umum,Foot Valve ; Dia. 5“ (125 mm) + Material Bantu,Buah,1582500,2026,Kabupaten Bandung,Perbup No.55 Tahun 2025
1.1.12.01.01.0001,Dan Konstruksi,material_umum,Foot Valve ; Dia. 6“ (150 mm) + Material Bantu,Buah,2354000,2026,Kabupaten Bandung,Perbup No.55 Tahun 2025
1.1.12.01.01.0001,Dan Konstruksi,material_umum,Foot Valve ; Dia. 8“ (200 mm) + Material Bantu,Buah,4115200,2026,Kabupaten Bandung,Perbup No.55 Tahun 2025
1.1.12.01.01.0001,Dan Konstruksi,material_umum,Formika 3x7 ft,Lembar,315900,2026,Kabupaten Bandung,Perbup No.55 Tahun 2025
1.1.12.01.01.0001,Dan Konstruksi,material_umum,Formika Uk. 120x240cm,Lembar,315900,2026,Kabupaten Bandung,Perbup No.55 Tahun 2025
1.1.12.01.01.0001,Dan Konstruksi,material_umum,Frame Alluminium L.10.1,Kg,56200,2026,Kabupaten Bandung,Perbup No.55 Tahun 2025
1.1.12.01.01.0001,Dan Konstruksi,material_umum,Frame Aluminium,M,66000,2026,Kabupaten Bandung,Perbup No.55 Tahun 2025
1.1.12.01.01.0001,Dan Konstruksi,material_umum,Frame Besi Kaca Naco,Buah,38400,2026,Kabupaten Bandung,Perbup No.55 Tahun 2025
1.1.12.01.01.0001,Dan Konstruksi,material_umum,FRC 1 x 150 mm2 dan Aksesoris,M,23500,2026,Kabupaten Bandung,Perbup No.55 Tahun 2025
1.1.12.01.01.0001,Dan Konstruksi,material_umum,,M,36800,2026,Kabupaten Bandung,Perbup No.55 Tahun 2025
1.1.12.01.01.0001,Dan Konstruksi,material_umum,FRC 2 x 1.5 mm2 dan Aksesoris,M,29400,2026,Kabupaten Bandung,Perbup No.55 Tahun 2025
1.1.12.01.01.0001,Dan Konstruksi,material_umum,,M,43800,2026,Kabupaten Bandung,Perbup No.55 Tahun 2025
1.1.12.01.01.0001,Dan Konstruksi,material_umum,FRC 3 x 2.5 mm2 dan Aksesoris,M,41200,2026,Kabupaten Bandung,Perbup No.55 Tahun 2025
1.1.12.01.01.0001,Dan Konstruksi,material_umum,FRC 4 x 150 mm2 dan Aksesoris,M,17000,2026,Kabupaten Bandung,Perbup No.55 Tahun 2025
1.1.12.01.01.0001,Dan Konstruksi,material_umum,FRC 4 x 4 mm2 dan Aksesoris,M,105900,2026,Kabupaten Bandung,Perbup No.55 Tahun 2025
1.1.12.01.01.0001,Dan Konstruksi,material_umum,FRC 4 x 6 mm2 dan Aksesoris,M,151800,2026,Kabupaten Bandung,Perbup No.55 Tahun 2025
1.1.12.01.01.0001,Dan Konstruksi,material_umum,Gebalan Rumput,M2,65800,2026,Kabupaten Bandung,Perbup No.55 Tahun 2025
1.1.12.01.01.0001,Dan Konstruksi,material_umum,Gebalan Rumput Vertiper,M2,49300,2026,Kabupaten Bandung,Perbup No.55 Tahun 2025
1.1.12.01.01.0001,Dan Konstruksi,material_umum,Geomembran t=1.5mm,M2,32300,2026,Kabupaten Bandung,Perbup No.55 Tahun 2025
1.1.12.01.01.0001,Dan Konstruksi,material_umum,Geosynthetic Clay Liner (GCL),M2,88800,2026,Kabupaten Bandung,Perbup No.55 Tahun 2025
1.1.12.01.01.0001,Dan Konstruksi,material_umum,Geotekstil (> 100 s/d 400 gr/m2),M2,462000,2026,Kabupaten Bandung,Perbup No.55 Tahun 2025
1.1.12.01.01.0001,Dan Konstruksi,material_umum,Geotekstil (> 400 s/d 800 gr/m2),M2,1231600,2026,Kabupaten Bandung,Perbup No.55 Tahun 2025
1.1.12.01.01.0001,Dan Konstruksi,material_umum,Geotekstil (> 800 gr/m2),M2,769700,2026,Kabupaten Bandung,Perbup No.55 Tahun 2025
1.1.12.01.01.0001,Dan Konstruksi,material_umum,Geotekstil Woven,M2,35000,2026,Kabupaten Bandung,Perbup No.55 Tahun 2025
1.1.12.01.01.0001,Dan Konstruksi,material_umum,Geotextile,M2,37900,2026,Kabupaten Bandung,Perbup No.55 Tahun 2025
1.1.12.01.01.0001,Dan Konstruksi,material_umum,"Gipsum, Anti Air Uk. 11200 X 2400 X 12 mm",Lembar,140900,2026,Kabupaten Bandung,Perbup No.55 Tahun 2025
1.1.12.01.01.0001,Dan Konstruksi,material_umum,"Gipsum, Anti Air, Uk. 1200 X 2400 X 9 mm",Lembar,133600,2026,Kabupaten Bandung,Perbup No.55 Tahun 2025
1.1.12.01.01.0001,Dan Konstruksi,material_umum,Glass Bead,Kg,46800,2026,Kabupaten Bandung,Perbup No.55 Tahun 2025
1.1.12.01.01.0001,Dan Konstruksi,material_umum,Glass Beads,Kg,17700,2026,Kabupaten Bandung,Perbup No.55 Tahun 2025
1.1.12.01.01.0001,Dan Konstruksi,material_umum,Glass Blok 20 x 20,Buah,31800,2026,Kabupaten Bandung,Perbup No.55 Tahun 2025
1.1.12.01.01.0001,Dan Konstruksi,material_umum,Glasswool BG 50,M2,41100,2026,Kabupaten Bandung,Perbup No.55 Tahun 2025
1.1.12.01.01.0001,Dan Konstruksi,material_umum,Glasswool Tebal 8cm,M2,41100,2026,Kabupaten Bandung,Perbup No.55 Tahun 2025
1.1.12.01.01.0001,Dan Konstruksi,material_umum,Grab Bar,Buah,164800,2026,Kabupaten Bandung,Perbup No.55 Tahun 2025
1.1.12.01.01.0001,Dan Konstruksi,material_umum,Granite Homogeneus plin tile 10 x 60 cm,Buah,49300,2026,Kabupaten Bandung,Perbup No.55 Tahun 2025
1.1.12.01.01.0001,Dan Konstruksi,material_umum,Granite Homogeneus plin tile 10 x 30 cm,Buah,27100,2026,Kabupaten Bandung,Perbup No.55 Tahun 2025
1.1.12.01.01.0001,Dan Konstruksi,material_umum,Granite Homogeneus plin tile 10 x 40 cm,Buah,16500,2026,Kabupaten Bandung,Perbup No.55 Tahun 2025
1.1.12.01.01.0001,Dan Konstruksi,material_umum,Granite Homogeneus tile 30 x 30 cm,M2,180900,2026,Kabupaten Bandung,Perbup No.55 Tahun 2025
1.1.12.01.01.0001,Dan Konstruksi,material_umum,"Granite Homogeneus tile 33,3 x 33,3 cm",M2,226000,2026,Kabupaten Bandung,Perbup No.55 Tahun 2025
1.1.12.01.01.0001,Dan Konstruksi,material_umum,Granite Homogeneus tile 40 x 40 cm,M2,226000,2026,Kabupaten Bandung,Perbup No.55 Tahun 2025
1.1.12.01.01.0001,Dan Konstruksi,material_umum,Granite Homogeneus tile 50 x 50 cm,M2,264500,2026,Kabupaten Bandung,Perbup No.55 Tahun 2025
1.1.12.01.01.0001,Dan Konstruksi,material_umum,Granite Homogeneus tile 60 x 60 cm,M2,283600,2026,Kabupaten Bandung,Perbup No.55 Tahun 2025
1.1.12.01.01.0001,Dan Konstruksi,material_umum,Grc,Lembar,60300,2026,Kabupaten Bandung,Perbup No.55 Tahun 2025
1.1.12.01.01.0001,Dan Konstruksi,material_umum,GRC Pelat. t=4mm. Uk 122x244cm,Lembar,70600,2026,Kabupaten Bandung,Perbup No.55 Tahun 2025
1.1.12.01.01.0001,Dan Konstruksi,material_umum,GRC-board 120x240 cm 4 mm,Lembar,60300,2026,Kabupaten Bandung,Perbup No.55 Tahun 2025
1.1.12.01.01.0001,Dan Konstruksi,material_umum,GRC-board 120x240 cm 6 mm,Lembar,111900,2026,Kabupaten Bandung,Perbup No.55 Tahun 2025
1.1.12.01.01.0001,Dan Konstruksi,material_umum,Grease Trap,Kg,165300,2026,Kabupaten Bandung,Perbup No.55 Tahun 2025
1.1.12.01.01.0001,Dan Konstruksi,material_umum,Green House,M2,559200,2026,Kabupaten Bandung,Perbup No.55 Tahun 2025
1.1.12.01.01.0001,Dan Konstruksi,material_umum,Grendel,Buah,42100,2026,Kabupaten Bandung,Perbup No.55 Tahun 2025
1.1.12.01.01.0001,Dan Konstruksi,material_umum,Grendel Tanam,Buah,178900,2026,Kabupaten Bandung,Perbup No.55 Tahun 2025
1.1.12.01.01.0001,Dan Konstruksi,material_umum,Grid Switch 2 x 12 dan Aksesoris,Buah,305000,2026,Kabupaten Bandung,Perbup No.55 Tahun 2025
1.1.12.01.01.0001,Dan Konstruksi,material_umum,Grid Switch 2 x 14 dan Aksesoris,Buah,497600,2026,Kabupaten Bandung,Perbup No.55 Tahun 2025
1.1.12.01.01.0001,Dan Konstruksi,material_umum,Grid Switch 2 x 2 dan Aksesoris,Buah,82400,2026,Kabupaten Bandung,Perbup No.55 Tahun 2025
1.1.12.01.01.0001,Dan Konstruksi,material_umum,Grid Switch 2 x 24 dan Aksesoris,Buah,597100,2026,Kabupaten Bandung,Perbup No.55 Tahun 2025
1.1.12.01.01.0001,Dan Konstruksi,material_umum,Grid Switch 4 x 2 Gang dan Aksesoris,Buah,155200,2026,Kabupaten Bandung,Perbup No.55 Tahun 2025
1.1.12.01.01.0001,Dan Konstruksi,material_umum,Gypsumboard 1200 x2400 x12 mm,Lembar,119500,2026,Kabupaten Bandung,Perbup No.55 Tahun 2025
1.1.12.01.01.0001,Dan Konstruksi,material_umum,Gypsumboard t.9 mm−ex. Jayaboard ; uk 120 x 240 cm,Lembar,81200,2026,Kabupaten Bandung,Perbup No.55 Tahun 2025
1.1.12.01.01.0001,Dan Konstruksi,material_umum,Handel Pintu / pull handle,Pasang,319200,2026,Kabupaten Bandung,Perbup No.55 Tahun 2025
1.1.12.01.01.0001,Dan Konstruksi,material_umum,Handle Jendela,Buah,120000,2026,Kabupaten Bandung,Perbup No.55 Tahun 2025
1.1.12.01.01.0001,Dan Konstruksi,material_umum,Hanger + Support,Lot,107000,2026,Kabupaten Bandung,Perbup No.55 Tahun 2025
1.1.12.01.01.0001,Dan Konstruksi,material_umum,HB-10,Buah,13900,2026,Kabupaten Bandung,Perbup No.55 Tahun 2025
1.1.12.01.01.0001,Dan Konstruksi,material_umum,HB-15,Buah,17100,2026,Kabupaten Bandung,Perbup No.55 Tahun 2025
1.1.12.01.01.0001,Dan Konstruksi,material_umum,HB-20,Buah,21400,2026,Kabupaten Bandung,Perbup No.55 Tahun 2025
1.1.12.01.01.0001,Dan Konstruksi,material_umum,Homogeneous Tile Uk. 30x30cm,Buah,21400,2026,Kabupaten Bandung,Perbup No.55 Tahun 2025
1.1.12.01.01.0001,Dan Konstruksi,material_umum,Homogeneous Tile Uk. 30x30cm Polish,Buah,23000,2026,Kabupaten Bandung,Perbup No.55 Tahun 2025
1.1.12.01.01.0001,Dan Konstruksi,material_umum,Homogeneous Tile Uk. 30x30cm Unpolish,Buah,20000,2026,Kabupaten Bandung,Perbup No.55 Tahun 2025
1.1.12.01.01.0001,Dan Konstruksi,material_umum,Homogeneous Tile Uk. 40x40cm,Buah,57800,2026,Kabupaten Bandung,Perbup No.55 Tahun 2025
1.1.12.01.01.0001,Dan Konstruksi,material_umum,Homogeneous Tile Uk. 40x40cm Polish,Buah,60000,2026,Kabupaten Bandung,Perbup No.55 Tahun 2025
1.1.12.01.01.0001,Dan Konstruksi,material_umum,Homogeneous Tile Uk. 40x40cm Unpolish,Buah,54000,2026,Kabupaten Bandung,Perbup No.55 Tahun 2025
1.1.12.01.01.0001,Dan Konstruksi,material_umum,Homogeneous Tile Uk. 60x60cm,Buah,65800,2026,Kabupaten Bandung,Perbup No.55 Tahun 2025
1.1.12.01.01.0001,Dan Konstruksi,material_umum,Homogeneous Tile Uk. 60x60cm Polish,Buah,65000,2026,Kabupaten Bandung,Perbup No.55 Tahun 2025
1.1.12.01.01.0001,Dan Konstruksi,material_umum,Homogeneous Tile Uk. 60x60cm Unpolish,Buah,61500,2026,Kabupaten Bandung,Perbup No.55 Tahun 2025
1.1.12.01.01.0001,Dan Konstruksi,material_umum,"Huruf Timbul Bahan Stainless, Tebal 15 cm",Buah,262400,2026,Kabupaten Bandung,Perbup No.55 Tahun 2025
1.1.12.01.01.0001,Dan Konstruksi,material_umum,Ijuk,Kg,12100,2026,Kabupaten Bandung,Perbup No.55 Tahun 2025
1.1.12.01.01.0001,Dan Konstruksi,material_umum,Intake Grille 600 x 300 mm dan Aksesoris,Unit,474000,2026,Kabupaten Bandung,Perbup No.55 Tahun 2025
1.1.12.01.01.0001,Dan Konstruksi,material_umum,Intake Grille 650 x 350 mm dan Aksesoris,Unit,521400,2026,Kabupaten Bandung,Perbup No.55 Tahun 2025
1.1.12.01.01.0001,Dan Konstruksi,material_umum,Intake Grille 800 x 350 mm dan Aksesoris,Unit,592500,2026,Kabupaten Bandung,Perbup No.55 Tahun 2025
1.1.12.01.01.0001,Dan Konstruksi,material_umum,Intake Grille 800 x 400 mm dan Aksesoris,Unit,639900,2026,Kabupaten Bandung,Perbup No.55 Tahun 2025
1.1.12.01.01.0001,Dan Konstruksi,material_umum,Intake Louvre 700 x 400 mm dan Aksesoris,Unit,1010100,2026,Kabupaten Bandung,Perbup No.55 Tahun 2025
1.1.12.01.01.0001,Dan Konstruksi,material_umum,IPAL Pabrikasi Kap-10 m3 ( Berikut Instalasi ),Unit,64200000,2026,Kabupaten Bandung,Perbup No.55 Tahun 2025
1.1.12.01.01.0001,Dan Konstruksi,material_umum,Jalusi Aluminium,M2,909500,2026,Kabupaten Bandung,Perbup No.55 Tahun 2025
1.1.12.01.01.0001,Dan Konstruksi,material_umum,Jalusi uPVC lengkap dengan Aksesoris,Buah,1540000,2026,Kabupaten Bandung,Perbup No.55 Tahun 2025
1.1.12.01.01.0001,Dan Konstruksi,material_umum,Jendela Kaca uPVC 1 Daun Uk. 0.79x1.30m,Buah,1654000,2026,Kabupaten Bandung,Perbup No.55 Tahun 2025
1.1.12.01.01.0001,Dan Konstruksi,material_umum,Jendela Kaca uPVC 2 Daun Uk. 1.15x1.30m,Buah,1287000,2026,Kabupaten Bandung,Perbup No.55 Tahun 2025
1.1.12.01.01.0001,Dan Konstruksi,material_umum,Jendela naco,Buah,27400,2026,Kabupaten Bandung,Perbup No.55 Tahun 2025
1.1.12.01.01.0001,Dan Konstruksi,material_umum,Jendela Nako (Rangka + Kaca 5mm. Lebar 15cm),Buah,1893100,2026,Kabupaten Bandung,Perbup No.55 Tahun 2025
1.1.12.01.01.0001,Dan Konstruksi,material_umum,Jendela Nako Rangka Aluminium (Rangka + Kaca 5mm),M2,94700,2026,Kabupaten Bandung,Perbup No.55 Tahun 2025
1.1.12.01.01.0001,Dan Konstruksi,material_umum,Jendela Ornamen GRC,Buah,650000,2026,Kabupaten Bandung,Perbup No.55 Tahun 2025
1.1.12.01.01.0001,Dan Konstruksi,material_umum,Jet Washer,Buah,387800,2026,Kabupaten Bandung,Perbup No.55 Tahun 2025
1.1.12.01.01.0001,Dan Konstruksi,material_umum,Joint Sealant,Kg,28900,2026,Kabupaten Bandung,Perbup No.55 Tahun 2025
1.1.12.01.01.0001,Dan Konstruksi,material_umum,Joint Sealent,Kg,43900,2026,Kabupaten Bandung,Perbup No.55 Tahun 2025
1.1.12.01.01.0001,Dan Konstruksi,material_umum,,Unit,220000,2026,Kabupaten Bandung,Perbup No.55 Tahun 2025
1.1.12.01.01.0001,Dan Konstruksi,material_umum,,Unit,218000,2026,Kabupaten Bandung,Perbup No.55 Tahun 2025
1.1.12.01.01.0001,Dan Konstruksi,material_umum,,Unit,215000,2026,Kabupaten Bandung,Perbup No.55 Tahun 2025
1.1.12.01.01.0001,Dan Konstruksi,material_umum,,Unit,213000,2026,Kabupaten Bandung,Perbup No.55 Tahun 2025
1.1.12.01.01.0001,Dan Konstruksi,material_umum,,Unit,222000,2026,Kabupaten Bandung,Perbup No.55 Tahun 2025
1.1.12.01.01.0001,Dan Konstruksi,material_umum,,Unit,215000,2026,Kabupaten Bandung,Perbup No.55 Tahun 2025
1.1.12.01.01.0001,Dan Konstruksi,material_umum,,Unit,374000,2026,Kabupaten Bandung,Perbup No.55 Tahun 2025
1.1.12.01.01.0001,Dan Konstruksi,material_umum,,Unit,365000,2026,Kabupaten Bandung,Perbup No.55 Tahun 2025
1.1.12.01.01.0001,Dan Konstruksi,material_umum,,Unit,377400,2026,Kabupaten Bandung,Perbup No.55 Tahun 2025
1.1.12.01.01.0001,Dan Konstruksi,material_umum,,Unit,378000,2026,Kabupaten Bandung,Perbup No.55 Tahun 2025
1.1.12.01.01.0001,Dan Konstruksi,material_umum,,Unit,375000,2026,Kabupaten Bandung,Perbup No.55 Tahun 2025
1.1.12.01.01.0001,Dan Konstruksi,material_umum,,Unit,476500,2026,Kabupaten Bandung,Perbup No.55 Tahun 2025
1.1.12.01.01.0001,Dan Konstruksi,material_umum,,Unit,475500,2026,Kabupaten Bandung,Perbup No.55 Tahun 2025
1.1.12.01.01.0001,Dan Konstruksi,material_umum,,Unit,476600,2026,Kabupaten Bandung,Perbup No.55 Tahun 2025
1.1.12.01.01.0001,Dan Konstruksi,material_umum,,Unit,477000,2026,Kabupaten Bandung,Perbup No.55 Tahun 2025
1.1.12.01.01.0001,Dan Konstruksi,material_umum,,Unit,475000,2026,Kabupaten Bandung,Perbup No.55 Tahun 2025
1.1.12.01.01.0001,Dan Konstruksi,material_umum,,Unit,547000,2026,Kabupaten Bandung,Perbup No.55 Tahun 2025
1.1.12.01.01.0001,Dan Konstruksi,material_umum,,Unit,560000,2026,Kabupaten Bandung,Perbup No.55 Tahun 2025
1.1.12.01.01.0001,Dan Konstruksi,material_umum,,Unit,555000,2026,Kabupaten Bandung,Perbup No.55 Tahun 2025
1.1.12.01.01.0001,Dan Konstruksi,material_umum,,Unit,525000,2026,Kabupaten Bandung,Perbup No.55 Tahun 2025
1.1.12.01.01.0001,Dan Konstruksi,material_umum,,Unit,545000,2026,Kabupaten Bandung,Perbup No.55 Tahun 2025
1.1.12.01.01.0001,Dan Konstruksi,material_umum,,Unit,672000,2026,Kabupaten Bandung,Perbup No.55 Tahun 2025
1.1.12.01.01.0001,Dan Konstruksi,material_umum,,Unit,658000,2026,Kabupaten Bandung,Perbup No.55 Tahun 2025
1.1.12.01.01.0001,Dan Konstruksi,material_umum,,Unit,670000,2026,Kabupaten Bandung,Perbup No.55 Tahun 2025
1.1.12.01.01.0001,Dan Konstruksi,material_umum,,Unit,663000,2026,Kabupaten Bandung,Perbup No.55 Tahun 2025
1.1.12.01.01.0001,Dan Konstruksi,material_umum,,Unit,645000,2026,Kabupaten Bandung,Perbup No.55 Tahun 2025
1.1.12.01.01.0001,Dan Konstruksi,material_umum,,Unit,746000,2026,Kabupaten Bandung,Perbup No.55 Tahun 2025
1.1.12.01.01.0001,Dan Konstruksi,material_umum,,Unit,753000,2026,Kabupaten Bandung,Perbup No.55 Tahun 2025
1.1.12.01.01.0001,Dan Konstruksi,material_umum,,Unit,743000,2026,Kabupaten Bandung,Perbup No.55 Tahun 2025
1.1.12.01.01.0001,Dan Konstruksi,material_umum,,Unit,735000,2026,Kabupaten Bandung,Perbup No.55 Tahun 2025
1.1.12.01.01.0001,Dan Konstruksi,material_umum,,Unit,739000,2026,Kabupaten Bandung,Perbup No.55 Tahun 2025
1.1.12.01.01.0001,Dan Konstruksi,material_umum,,Unit,220000,2026,Kabupaten Bandung,Perbup No.55 Tahun 2025
1.1.12.01.01.0001,Dan Konstruksi,material_umum,,Unit,218000,2026,Kabupaten Bandung,Perbup No.55 Tahun 2025
1.1.12.01.01.0001,Dan Konstruksi,material_umum,,Unit,215000,2026,Kabupaten Bandung,Perbup No.55 Tahun 2025
1.1.12.01.01.0001,Dan Konstruksi,material_umum,,Unit,213000,2026,Kabupaten Bandung,Perbup No.55 Tahun 2025
1.1.12.01.01.0001,Dan Konstruksi,material_umum,,Unit,222000,2026,Kabupaten Bandung,Perbup No.55 Tahun 2025
1.1.12.01.01.0001,Dan Konstruksi,material_umum,,Unit,215000,2026,Kabupaten Bandung,Perbup No.55 Tahun 2025
1.1.12.01.01.0001,Dan Konstruksi,material_umum,,Unit,374000,2026,Kabupaten Bandung,Perbup No.55 Tahun 2025
1.1.12.01.01.0001,Dan Konstruksi,material_umum,,Unit,365000,2026,Kabupaten Bandung,Perbup No.55 Tahun 2025
1.1.12.01.01.0001,Dan Konstruksi,material_umum,,Unit,377400,2026,Kabupaten Bandung,Perbup No.55 Tahun 2025
1.1.12.01.01.0001,Dan Konstruksi,material_umum,,Unit,378000,2026,Kabupaten Bandung,Perbup No.55 Tahun 2025
1.1.12.01.01.0001,Dan Konstruksi,material_umum,,Unit,375000,2026,Kabupaten Bandung,Perbup No.55 Tahun 2025
1.1.12.01.01.0001,Dan Konstruksi,material_umum,,Unit,476500,2026,Kabupaten Bandung,Perbup No.55 Tahun 2025
1.1.12.01.01.0001,Dan Konstruksi,material_umum,,Unit,475500,2026,Kabupaten Bandung,Perbup No.55 Tahun 2025
1.1.12.01.01.0001,Dan Konstruksi,material_umum,,Unit,476600,2026,Kabupaten Bandung,Perbup No.55 Tahun 2025
1.1.12.01.01.0001,Dan Konstruksi,material_umum,,Unit,477000,2026,Kabupaten Bandung,Perbup No.55 Tahun 2025
1.1.12.01.01.0001,Dan Konstruksi,material_umum,,Unit,475000,2026,Kabupaten Bandung,Perbup No.55 Tahun 2025
1.1.12.01.01.0001,Dan Konstruksi,material_umum,,Unit,547000,2026,Kabupaten Bandung,Perbup No.55 Tahun 2025
1.1.12.01.01.0001,Dan Konstruksi,material_umum,,Unit,560000,2026,Kabupaten Bandung,Perbup No.55 Tahun 2025
1.1.12.01.01.0001,Dan Konstruksi,material_umum,,Unit,555000,2026,Kabupaten Bandung,Perbup No.55 Tahun 2025
1.1.12.01.01.0001,Dan Konstruksi,material_umum,,Unit,525000,2026,Kabupaten Bandung,Perbup No.55 Tahun 2025
1.1.12.01.01.0001,Dan Konstruksi,material_umum,,Unit,545000,2026,Kabupaten Bandung,Perbup No.55 Tahun 2025
1.1.12.01.01.0001,Dan Konstruksi,material_umum,,Unit,672000,2026,Kabupaten Bandung,Perbup No.55 Tahun 2025
1.1.12.01.01.0001,Dan Konstruksi,material_umum,,Unit,658000,2026,Kabupaten Bandung,Perbup No.55 Tahun 2025
1.1.12.01.01.0001,Dan Konstruksi,material_umum,,Unit,670000,2026,Kabupaten Bandung,Perbup No.55 Tahun 2025
1.1.12.01.01.0001,Dan Konstruksi,material_umum,,Unit,663000,2026,Kabupaten Bandung,Perbup No.55 Tahun 2025
1.1.12.01.01.0001,Dan Konstruksi,material_umum,,Unit,645000,2026,Kabupaten Bandung,Perbup No.55 Tahun 2025
1.1.12.01.01.0001,Dan Konstruksi,material_umum,,Unit,746000,2026,Kabupaten Bandung,Perbup No.55 Tahun 2025
1.1.12.01.01.0001,Dan Konstruksi,material_umum,,Unit,753000,2026,Kabupaten Bandung,Perbup No.55 Tahun 2025
1.1.12.01.01.0001,Dan Konstruksi,material_umum,,Unit,743000,2026,Kabupaten Bandung,Perbup No.55 Tahun 2025
1.1.12.01.01.0001,Dan Konstruksi,material_umum,,Unit,735000,2026,Kabupaten Bandung,Perbup No.55 Tahun 2025
1.1.12.01.01.0001,Dan Konstruksi,material_umum,,Unit,739000,2026,Kabupaten Bandung,Perbup No.55 Tahun 2025
1.1.12.01.01.0001,Dan Konstruksi,material_umum,Kait Angin,Buah,29400,2026,Kabupaten Bandung,Perbup No.55 Tahun 2025
1.1.12.01.01.0001,Dan Konstruksi,material_umum,Kait angin kuningan,Buah,29900,2026,Kabupaten Bandung,Perbup No.55 Tahun 2025
1.1.12.01.01.0001,Dan Konstruksi,material_umum,Kalsiboard 120x240 cm 4 mm,Lembar,96000,2026,Kabupaten Bandung,Perbup No.55 Tahun 2025
1.1.12.01.01.0001,Dan Konstruksi,material_umum,Kanopi Bahan Holo,Set,5897700,2026,Kabupaten Bandung,Perbup No.55 Tahun 2025
1.1.12.01.01.0001,Dan Konstruksi,material_umum,Kanstin Uk. 10x20x40cm Beton f'c 20 MPa,Buah,23000,2026,Kabupaten Bandung,Perbup No.55 Tahun 2025
1.1.12.01.01.0001,Dan Konstruksi,material_umum,Kanstin Uk. 15x40x60cm Beton f'c 25 MPa,Buah,97400,2026,Kabupaten Bandung,Perbup No.55 Tahun 2025
1.1.12.01.01.0001,Dan Konstruksi,material_umum,Kapur,Kg,4200,2026,Kabupaten Bandung,Perbup No.55 Tahun 2025
1.1.12.01.01.0001,Dan Konstruksi,material_umum,Kapur,M3,275100,2026,Kabupaten Bandung,Perbup No.55 Tahun 2025
1.1.12.01.01.0001,Dan Konstruksi,material_umum,Kapur Padam,Kg,1100,2026,Kabupaten Bandung,Perbup No.55 Tahun 2025
1.1.12.01.01.0001,Dan Konstruksi,material_umum,Kapur Padam,M3,107000,2026,Kabupaten Bandung,Perbup No.55 Tahun 2025
1.1.12.01.01.0001,Dan Konstruksi,material_umum,Karet,M,28200,2026,Kabupaten Bandung,Perbup No.55 Tahun 2025
1.1.12.01.01.0001,Dan Konstruksi,material_umum,Kayu Bakar,Kg,20000,2026,Kabupaten Bandung,Perbup No.55 Tahun 2025
1.1.12.01.01.0001,Dan Konstruksi,material_umum,keran 1/2 Stenles -,Buah,323600,2026,Kabupaten Bandung,Perbup No.55 Tahun 2025
1.1.12.01.01.0001,Dan Konstruksi,material_umum,Keran Air,Buah,54800,2026,Kabupaten Bandung,Perbup No.55 Tahun 2025
1.1.12.01.01.0001,Dan Konstruksi,material_umum,Kitchenzink−Hwaco 1L,Unit,275500,2026,Kabupaten Bandung,Perbup No.55 Tahun 2025
1.1.12.01.01.0001,Dan Konstruksi,material_umum,"Klem pipa besi 3/4""",Buah,2800,2026,Kabupaten Bandung,Perbup No.55 Tahun 2025
1.1.12.01.01.0001,Dan Konstruksi,material_umum,"Klep diameter 3/4""−ex. Onda",Buah,67400,2026,Kabupaten Bandung,Perbup No.55 Tahun 2025
1.1.12.01.01.0001,Dan Konstruksi,material_umum,"Kloset duduk porselen INA, standard lengkap, warna tua",Unit,1451000,2026,Kabupaten Bandung,Perbup No.55 Tahun 2025
1.1.12.01.01.0001,Dan Konstruksi,material_umum,"Kloset duduk porselen TOTO, warna standard lengkap",Unit,2350400,2026,Kabupaten Bandung,Perbup No.55 Tahun 2025
1.1.12.01.01.0001,Dan Konstruksi,material_umum,Kloset duduk− sedang,Unit,2692500,2026,Kabupaten Bandung,Perbup No.55 Tahun 2025
1.1.12.01.01.0001,Dan Konstruksi,material_umum,"Kloset jongkok porselen, warna",Unit,468700,2026,Kabupaten Bandung,Perbup No.55 Tahun 2025
1.1.12.01.01.0001,Dan Konstruksi,material_umum,Kloset Jongkok− setara TOTO,Unit,380100,2026,Kabupaten Bandung,Perbup No.55 Tahun 2025
1.1.12.01.01.0001,Dan Konstruksi,material_umum,Kloset jongkok standar putih porselen,Unit,230400,2026,Kabupaten Bandung,Perbup No.55 Tahun 2025
1.1.12.01.01.0001,Dan Konstruksi,material_umum,Koas,Buah,27400,2026,Kabupaten Bandung,Perbup No.55 Tahun 2025
1.1.12.01.01.0001,Dan Konstruksi,material_umum,Kolom Beton Pracetak,Batang,513600,2026,Kabupaten Bandung,Perbup No.55 Tahun 2025
1.1.12.01.01.0001,Dan Konstruksi,material_umum,Kran Air Dia. ½ Inch,Buah,25000,2026,Kabupaten Bandung,Perbup No.55 Tahun 2025
1.1.12.01.01.0001,Dan Konstruksi,material_umum,Kran Air Dia. ¾ Inch,Buah,35000,2026,Kabupaten Bandung,Perbup No.55 Tahun 2025
1.1.12.01.01.0001,Dan Konstruksi,material_umum,Kran air sederhana,Unit,30400,2026,Kabupaten Bandung,Perbup No.55 Tahun 2025
1.1.12.01.01.0001,Dan Konstruksi,material_umum,Kran Angsa,Buah,158400,2026,Kabupaten Bandung,Perbup No.55 Tahun 2025
1.1.12.01.01.0001,Dan Konstruksi,material_umum,Kran dinding−stainless,Unit,195300,2026,Kabupaten Bandung,Perbup No.55 Tahun 2025
1.1.12.01.01.0001,Dan Konstruksi,material_umum,Kran zink sederhana,Unit,198100,2026,Kabupaten Bandung,Perbup No.55 Tahun 2025
1.1.12.01.01.0001,Dan Konstruksi,material_umum,Kran zink−T 30 AR13NV7N ex. Toto,Buah,530800,2026,Kabupaten Bandung,Perbup No.55 Tahun 2025
1.1.12.01.01.0001,Dan Konstruksi,material_umum,KranAir,Buah,31200,2026,Kabupaten Bandung,Perbup No.55 Tahun 2025
1.1.12.01.01.0001,Dan Konstruksi,material_umum,Kuas,Buah,35600,2026,Kabupaten Bandung,Perbup No.55 Tahun 2025
1.1.12.01.01.0001,Dan Konstruksi,material_umum,Kuas 1 Inci,Buah,9100,2026,Kabupaten Bandung,Perbup No.55 Tahun 2025
1.1.12.01.01.0001,Dan Konstruksi,material_umum,Kuas 4 Inchi,Buah,35600,2026,Kabupaten Bandung,Perbup No.55 Tahun 2025
1.1.12.01.01.0001,Dan Konstruksi,material_umum,Kuas Roll,Buah,71300,2026,Kabupaten Bandung,Perbup No.55 Tahun 2025
1.1.12.01.01.0001,Dan Konstruksi,material_umum,Kunci Lemari,Set,247200,2026,Kabupaten Bandung,Perbup No.55 Tahun 2025
1.1.12.01.01.0001,Dan Konstruksi,material_umum,Kunci Momen,Hari,30000,2026,Kabupaten Bandung,Perbup No.55 Tahun 2025
1.1.12.01.01.0001,Dan Konstruksi,material_umum,Kunci selot,Buah,47200,2026,Kabupaten Bandung,Perbup No.55 Tahun 2025
1.1.12.01.01.0001,Dan Konstruksi,material_umum,Kunci Silinder,Buah,206600,2026,Kabupaten Bandung,Perbup No.55 Tahun 2025
1.1.12.01.01.0001,Dan Konstruksi,material_umum,Kunci silinder pintu aluminium,Set,258800,2026,Kabupaten Bandung,Perbup No.55 Tahun 2025
1.1.12.01.01.0001,Dan Konstruksi,material_umum,Kunci Slot,Buah,15000,2026,Kabupaten Bandung,Perbup No.55 Tahun 2025
1.1.12.01.01.0001,Dan Konstruksi,material_umum,Kunci Tanam Antik,Buah,47000,2026,Kabupaten Bandung,Perbup No.55 Tahun 2025
1.1.12.01.01.0001,Dan Konstruksi,material_umum,Kunci Tanam Biasa,Buah,172200,2026,Kabupaten Bandung,Perbup No.55 Tahun 2025
1.1.12.01.01.0001,Dan Konstruksi,material_umum,Kunci Tanam KM,Buah,394800,2026,Kabupaten Bandung,Perbup No.55 Tahun 2025
1.1.12.01.01.0001,Dan Konstruksi,material_umum,Kunci tanam pintu KM,Set,394800,2026,Kabupaten Bandung,Perbup No.55 Tahun 2025
1.1.12.01.01.0001,Dan Konstruksi,material_umum,Kunci tanam pintu kw 1,Set,467300,2026,Kabupaten Bandung,Perbup No.55 Tahun 2025
1.1.12.01.01.0001,Dan Konstruksi,material_umum,Kunci tanam pintu sedang,Set,383900,2026,Kabupaten Bandung,Perbup No.55 Tahun 2025
1.1.12.01.01.0001,Dan Konstruksi,material_umum,Kunci tanam pintu sederhana,Set,172200,2026,Kabupaten Bandung,Perbup No.55 Tahun 2025
1.1.12.01.01.0001,Dan Konstruksi,material_umum,Kusen Aluminium 3 Inch,M,213900,2026,Kabupaten Bandung,Perbup No.55 Tahun 2025
1.1.12.01.01.0001,Dan Konstruksi,material_umum,Kusen Aluminium 4 Inch,M,235800,2026,Kabupaten Bandung,Perbup No.55 Tahun 2025
1.1.12.01.01.0001,Dan Konstruksi,material_umum,Kusen Bovenlight lengkap dengan Aksesoris,Buah,765000,2026,Kabupaten Bandung,Perbup No.55 Tahun 2025
1.1.12.01.01.0001,Dan Konstruksi,material_umum,Lantai UPVC Decking,M2,794500,2026,Kabupaten Bandung,Perbup No.55 Tahun 2025
1.1.12.01.01.0001,Dan Konstruksi,material_umum,Las Dop,Buah,1200,2026,Kabupaten Bandung,Perbup No.55 Tahun 2025
1.1.12.01.01.0001,Dan Konstruksi,material_umum,Las -elektroda,Ls,106400,2026,Kabupaten Bandung,Perbup No.55 Tahun 2025
1.1.12.01.01.0001,Dan Konstruksi,material_umum,Las -elektroda - baut,Ls,224900,2026,Kabupaten Bandung,Perbup No.55 Tahun 2025
1.1.12.01.01.0001,Dan Konstruksi,material_umum,Lem Epoxy,Kg,112400,2026,Kabupaten Bandung,Perbup No.55 Tahun 2025
1.1.12.01.01.0001,Dan Konstruksi,material_umum,Lem Karet,Kg,39900,2026,Kabupaten Bandung,Perbup No.55 Tahun 2025
1.1.12.01.01.0001,Dan Konstruksi,material_umum,Lem Kayu,Kg,41100,2026,Kabupaten Bandung,Perbup No.55 Tahun 2025
1.1.12.01.01.0001,Dan Konstruksi,material_umum,Lem Kayu−,Kg,41100,2026,Kabupaten Bandung,Perbup No.55 Tahun 2025
1.1.12.01.01.0001,Dan Konstruksi,material_umum,Lem Pipa,Kg,185300,2026,Kabupaten Bandung,Perbup No.55 Tahun 2025
1.1.12.01.01.0001,Dan Konstruksi,material_umum,Lem PVC,Kg,75600,2026,Kabupaten Bandung,Perbup No.55 Tahun 2025
1.1.12.01.01.0001,Dan Konstruksi,material_umum,List Gypsum,M,11600,2026,Kabupaten Bandung,Perbup No.55 Tahun 2025
1.1.12.01.01.0001,Dan Konstruksi,material_umum,List profil cornice gypsum lebar 5-10 cm,M,16500,2026,Kabupaten Bandung,Perbup No.55 Tahun 2025
1.1.12.01.01.0001,Dan Konstruksi,material_umum,List profil cornice gypsum lebar sampai 5 cm,M,11000,2026,Kabupaten Bandung,Perbup No.55 Tahun 2025
1.1.12.01.01.0001,Dan Konstruksi,material_umum,List profil cornice gypsum lebih dari 10 cm,M,17500,2026,Kabupaten Bandung,Perbup No.55 Tahun 2025
1.1.12.01.01.0001,Dan Konstruksi,material_umum,Listplank Kalsiboard/ GRC 8mm - 20 cm,M,36600,2026,Kabupaten Bandung,Perbup No.55 Tahun 2025
1.1.12.01.01.0001,Dan Konstruksi,material_umum,Logo PU Akrilik Uk. 40x40cm,Buah,230000,2026,Kabupaten Bandung,Perbup No.55 Tahun 2025
1.1.12.01.01.0001,Dan Konstruksi,material_umum,Lolos Screen - Lolos Screen1 Ukuran ( 0 - 5),M3,234200,2026,Kabupaten Bandung,Perbup No.55 Tahun 2025
1.1.12.01.01.0001,Dan Konstruksi,material_umum,Lolos Screen - Lolos Screen2 Ukuran ( 0 - 5),M3,279800,2026,Kabupaten Bandung,Perbup No.55 Tahun 2025
1.1.12.01.01.0001,Dan Konstruksi,material_umum,"Lolos Screen - Lolos Screen2 Ukuran ( 5 - 9,5)",M3,259900,2026,Kabupaten Bandung,Perbup No.55 Tahun 2025
1.1.12.01.01.0001,Dan Konstruksi,material_umum,"Lolos Screen - Lolos Screen2 Ukuran ( 9.5 - 19,0)",M3,244000,2026,Kabupaten Bandung,Perbup No.55 Tahun 2025
1.1.12.01.01.0001,Dan Konstruksi,material_umum,Lolos Screen 2 Uk. (0-5),M3,181700,2026,Kabupaten Bandung,Perbup No.55 Tahun 2025
1.1.12.01.01.0001,Dan Konstruksi,material_umum,Lolos Screen 2 Uk. (9.5-19.0),M3,144100,2026,Kabupaten Bandung,Perbup No.55 Tahun 2025
1.1.12.01.01.0001,Dan Konstruksi,material_umum,Marmer,M2,658100,2026,Kabupaten Bandung,Perbup No.55 Tahun 2025
1.1.12.01.01.0001,Dan Konstruksi,material_umum,Marmer Graphir Uk. 10x10cm,Buah,64700,2026,Kabupaten Bandung,Perbup No.55 Tahun 2025
1.1.12.01.01.0001,Dan Konstruksi,material_umum,Marmer Graphir Uk. 12x12cm,Buah,176600,2026,Kabupaten Bandung,Perbup No.55 Tahun 2025
1.1.12.01.01.0001,Dan Konstruksi,material_umum,Marmer nama jembatan,Buah,383900,2026,Kabupaten Bandung,Perbup No.55 Tahun 2025
1.1.12.01.01.0001,Dan Konstruksi,material_umum,Marmer Uk. 100x100cm,Buah,658100,2026,Kabupaten Bandung,Perbup No.55 Tahun 2025
1.1.12.01.01.0001,Dan Konstruksi,material_umum,Material Bantu Pembumian Sistem Elektrikal,Lot,21400,2026,Kabupaten Bandung,Perbup No.55 Tahun 2025
1.1.12.01.01.0001,Dan Konstruksi,material_umum,Material Insulasi Foam,M2,51400,2026,Kabupaten Bandung,Perbup No.55 Tahun 2025
1.1.12.01.01.0001,Dan Konstruksi,material_umum,Material Organik,M3,2568000,2026,Kabupaten Bandung,Perbup No.55 Tahun 2025
1.1.12.01.01.0001,Dan Konstruksi,material_umum,Matras Tipe I Termasuk Angkur/Penguat Matras,M2,5780100,2026,Kabupaten Bandung,Perbup No.55 Tahun 2025
1.1.12.01.01.0001,Dan Konstruksi,material_umum,Matras Tipe II Termasuk Angkur/Penguat Matras,M2,6936200,2026,Kabupaten Bandung,Perbup No.55 Tahun 2025
1.1.12.01.01.0001,Dan Konstruksi,material_umum,Matras Tipe III Termasuk Angkur/Penguat Matras,M2,8092200,2026,Kabupaten Bandung,Perbup No.55 Tahun 2025
1.1.12.01.01.0001,Dan Konstruksi,material_umum,MCV Set dia. 100 mm dan Aksesoris,Unit,18991400,2026,Kabupaten Bandung,Perbup No.55 Tahun 2025
1.1.12.01.01.0001,Dan Konstruksi,material_umum,MCV Set dia. 150 mm dan Aksesoris,Unit,24550100,2026,Kabupaten Bandung,Perbup No.55 Tahun 2025
1.1.12.01.01.0001,Dan Konstruksi,material_umum,MCV Set dia. 80 mm dan Aksesoris,Unit,17832600,2026,Kabupaten Bandung,Perbup No.55 Tahun 2025
1.1.12.01.01.0001,Dan Konstruksi,material_umum,MDF 2 x 10 P Air dan Aksesoris,Unit,1194100,2026,Kabupaten Bandung,Perbup No.55 Tahun 2025
1.1.12.01.01.0001,Dan Konstruksi,material_umum,MDF 2 x 8 P Air dan Aksesoris,Unit,465500,2026,Kabupaten Bandung,Perbup No.55 Tahun 2025
1.1.12.01.01.0001,Dan Konstruksi,material_umum,MDF-SS dan Aksesoris,Unit,1551500,2026,Kabupaten Bandung,Perbup No.55 Tahun 2025
1.1.12.01.01.0001,Dan Konstruksi,material_umum,MDP Floor Standing Termasuk Material Bantu/Aksesoris,Unit,6206000,2026,Kabupaten Bandung,Perbup No.55 Tahun 2025
1.1.12.01.01.0001,Dan Konstruksi,material_umum,MDP Wall Mounted Termasuk Material Bantu/Aksesoris,Unit,8025000,2026,Kabupaten Bandung,Perbup No.55 Tahun 2025
1.1.12.01.01.0001,Dan Konstruksi,material_umum,Media Bakteri,Pak,152200,2026,Kabupaten Bandung,Perbup No.55 Tahun 2025
1.1.12.01.01.0001,Dan Konstruksi,material_umum,Media Bakteri,M3,1653200,2026,Kabupaten Bandung,Perbup No.55 Tahun 2025
1.1.12.01.01.0001,Dan Konstruksi,material_umum,Melamik,Kg,111900,2026,Kabupaten Bandung,Perbup No.55 Tahun 2025
1.1.12.01.01.0001,Dan Konstruksi,material_umum,Melamine ( uk. 3 mm ),Lembar,159000,2026,Kabupaten Bandung,Perbup No.55 Tahun 2025
1.1.12.01.01.0001,Dan Konstruksi,material_umum,Minyak Bekisting,Liter,37900,2026,Kabupaten Bandung,Perbup No.55 Tahun 2025
1.1.12.01.01.0001,Dan Konstruksi,material_umum,Minyak Pelebur (Soda Api),Kaleng,65800,2026,Kabupaten Bandung,Perbup No.55 Tahun 2025
1.1.12.01.01.0001,Dan Konstruksi,material_umum,Modular Tank Perkuatan 4,M3,2434300,2026,Kabupaten Bandung,Perbup No.55 Tahun 2025
1.1.12.01.01.0001,Dan Konstruksi,material_umum,Mortar Perekat Bata Ringan,Kg,4900,2026,Kabupaten Bandung,Perbup No.55 Tahun 2025
1.1.12.01.01.0001,Dan Konstruksi,material_umum,Mortar Siap Pakai,Kg,42800,2026,Kabupaten Bandung,Perbup No.55 Tahun 2025
1.1.12.01.01.0001,Dan Konstruksi,material_umum,Mortar Skimcoat,Kg,3500,2026,Kabupaten Bandung,Perbup No.55 Tahun 2025
1.1.12.01.01.0001,Dan Konstruksi,material_umum,Mu Water Woping,Liter,219900,2026,Kabupaten Bandung,Perbup No.55 Tahun 2025
1.1.12.01.01.0001,Dan Konstruksi,material_umum,Mulsa,Kg,31800,2026,Kabupaten Bandung,Perbup No.55 Tahun 2025
1.1.12.01.01.0001,Dan Konstruksi,material_umum,Multi Tripblok 2cm,Lembar,427800,2026,Kabupaten Bandung,Perbup No.55 Tahun 2025
1.1.12.01.01.0001,Dan Konstruksi,material_umum,Mur - ulir besi brasing-trekstang,Ls,24200,2026,Kabupaten Bandung,Perbup No.55 Tahun 2025
1.1.12.01.01.0001,Dan Konstruksi,material_umum,Nok Asbes,Pasang,50300,2026,Kabupaten Bandung,Perbup No.55 Tahun 2025
1.1.12.01.01.0001,Dan Konstruksi,material_umum,Nok Genteng Aspal,Buah,26400,2026,Kabupaten Bandung,Perbup No.55 Tahun 2025
1.1.12.01.01.0001,Dan Konstruksi,material_umum,Nok Genteng Beton,Buah,7900,2026,Kabupaten Bandung,Perbup No.55 Tahun 2025
1.1.12.01.01.0001,Dan Konstruksi,material_umum,Nok Genteng Keramik Glasur−4 bh/m,Buah,27400,2026,Kabupaten Bandung,Perbup No.55 Tahun 2025
1.1.12.01.01.0001,Dan Konstruksi,material_umum,Nok Genteng Keramik−4 bh/m,Buah,27400,2026,Kabupaten Bandung,Perbup No.55 Tahun 2025
1.1.12.01.01.0001,Dan Konstruksi,material_umum,Nok genteng metal,M,21900,2026,Kabupaten Bandung,Perbup No.55 Tahun 2025
1.1.12.01.01.0001,Dan Konstruksi,material_umum,Nok Genteng Metal Panjang 100cm,Buah,20300,2026,Kabupaten Bandung,Perbup No.55 Tahun 2025
1.1.12.01.01.0001,Dan Konstruksi,material_umum,"Nok Genteng Palentong Natural,",Buah,7700,2026,Kabupaten Bandung,Perbup No.55 Tahun 2025
1.1.12.01.01.0001,Dan Konstruksi,material_umum,Nok Genteng Palentong Super / Besar Natural,Buah,11200,2026,Kabupaten Bandung,Perbup No.55 Tahun 2025
1.1.12.01.01.0001,Dan Konstruksi,material_umum,Nok paten,Lembar,38400,2026,Kabupaten Bandung,Perbup No.55 Tahun 2025
1.1.12.01.01.0001,Dan Konstruksi,material_umum,Nok Paten 105cm,Lembar,106900,2026,Kabupaten Bandung,Perbup No.55 Tahun 2025
1.1.12.01.01.0001,Dan Konstruksi,material_umum,Nok Paten 108cm,Lembar,119000,2026,Kabupaten Bandung,Perbup No.55 Tahun 2025
1.1.12.01.01.0001,Dan Konstruksi,material_umum,Nok Paten 92cm,Lembar,93000,2026,Kabupaten Bandung,Perbup No.55 Tahun 2025
1.1.12.01.01.0001,Dan Konstruksi,material_umum,Nok Setel Rata 105cm,Lembar,418900,2026,Kabupaten Bandung,Perbup No.55 Tahun 2025
1.1.12.01.01.0001,Dan Konstruksi,material_umum,Nok Setel Rata 108cm,Lembar,536100,2026,Kabupaten Bandung,Perbup No.55 Tahun 2025
1.1.12.01.01.0001,Dan Konstruksi,material_umum,Nok Setel rata 92cm,Lembar,364200,2026,Kabupaten Bandung,Perbup No.55 Tahun 2025
1.1.12.01.01.0001,Dan Konstruksi,material_umum,Nok Standar,Buah,17700,2026,Kabupaten Bandung,Perbup No.55 Tahun 2025
1.1.12.01.01.0001,Dan Konstruksi,material_umum,Nok Standar,Lembar,58900,2026,Kabupaten Bandung,Perbup No.55 Tahun 2025
1.1.12.01.01.0001,Dan Konstruksi,material_umum,Nok stel gelombang,Lembar,91100,2026,Kabupaten Bandung,Perbup No.55 Tahun 2025
1.1.12.01.01.0001,Dan Konstruksi,material_umum,Nok stel rata,Lembar,38400,2026,Kabupaten Bandung,Perbup No.55 Tahun 2025
1.1.12.01.01.0001,Dan Konstruksi,material_umum,Nok Zinc allum 035,M,98800,2026,Kabupaten Bandung,Perbup No.55 Tahun 2025
1.1.12.01.01.0001,Dan Konstruksi,material_umum,Nomor Rumah Akrililk Uk. 15x30cm,Buah,75000,2026,Kabupaten Bandung,Perbup No.55 Tahun 2025
1.1.12.01.01.0001,Dan Konstruksi,material_umum,Orifice Plate dia. 25mm dan Aksesoris,Unit,1444500,2026,Kabupaten Bandung,Perbup No.55 Tahun 2025
1.1.12.01.01.0001,Dan Konstruksi,material_umum,Outlet Data dan Aksesoris,Unit,105600,2026,Kabupaten Bandung,Perbup No.55 Tahun 2025
1.1.12.01.01.0001,Dan Konstruksi,material_umum,Outlet Telepon dan Aksesoris,Unit,79600,2026,Kabupaten Bandung,Perbup No.55 Tahun 2025
1.1.12.01.01.0001,Dan Konstruksi,material_umum,Outlet TV−Broco,Buah,44900,2026,Kabupaten Bandung,Perbup No.55 Tahun 2025
1.1.12.01.01.0001,Dan Konstruksi,material_umum,Pagar Besi Pembatas,Meter,915800,2026,Kabupaten Bandung,Perbup No.55 Tahun 2025
1.1.12.01.01.0001,Dan Konstruksi,material_umum,"Pagar BRC tinggi 1,2 m'",M,300900,2026,Kabupaten Bandung,Perbup No.55 Tahun 2025
1.1.12.01.01.0001,Dan Konstruksi,material_umum,Panel Ruspin Tipe 36,Buah,24995000,2026,Kabupaten Bandung,Perbup No.55 Tahun 2025
1.1.12.01.01.0001,Dan Konstruksi,material_umum,Pantek (Kedalaman Min. 12m),Lot,107000,2026,Kabupaten Bandung,Perbup No.55 Tahun 2025
1.1.12.01.01.0001,Dan Konstruksi,material_umum,Papan - Papan Nama Bangunan/Nomenklatur,M2,822600,2026,Kabupaten Bandung,Perbup No.55 Tahun 2025
1.1.12.01.01.0001,Dan Konstruksi,material_umum,Papan Gipsum 120x240cm,Lembar,93600,2026,Kabupaten Bandung,Perbup No.55 Tahun 2025
1.1.12.01.01.0001,Dan Konstruksi,material_umum,Papan Gipsum 120x240cm Tebal 12mm,Lembar,119700,2026,Kabupaten Bandung,Perbup No.55 Tahun 2025
1.1.12.01.01.0001,Dan Konstruksi,material_umum,papan pengenal ruas jalan,Buah,3290300,2026,Kabupaten Bandung,Perbup No.55 Tahun 2025
1.1.12.01.01.0001,Dan Konstruksi,material_umum,Paralon - Paralon 2 Inch,Batang,83400,2026,Kabupaten Bandung,Perbup No.55 Tahun 2025
1.1.12.01.01.0001,Dan Konstruksi,material_umum,"Paralon 4 inchi, AW",M,454100,2026,Kabupaten Bandung,Perbup No.55 Tahun 2025
1.1.12.01.01.0001,Dan Konstruksi,material_umum,Patok dan Pemasangan,Buah,208400,2026,Kabupaten Bandung,Perbup No.55 Tahun 2025
1.1.12.01.01.0001,Dan Konstruksi,material_umum,Patok Ukur Kayu 5/7 Kelas II,M3,3600400,2026,Kabupaten Bandung,Perbup No.55 Tahun 2025
1.1.12.01.01.0001,Dan Konstruksi,material_umum,Paving Block Tebal 6cm f'c 20 MPa,M2,148100,2026,Kabupaten Bandung,Perbup No.55 Tahun 2025
1.1.12.01.01.0001,Dan Konstruksi,material_umum,Paving Block Tebal 6cm f'c 25 MPa,M2,185100,2026,Kabupaten Bandung,Perbup No.55 Tahun 2025
1.1.12.01.01.0001,Dan Konstruksi,material_umum,Paving Block Tebal 8cm f'c 20 MPa,M2,188600,2026,Kabupaten Bandung,Perbup No.55 Tahun 2025
1.1.12.01.01.0001,Dan Konstruksi,material_umum,Paving Block Tebal 8cm f'c 25 MPa,M2,235800,2026,Kabupaten Bandung,Perbup No.55 Tahun 2025
1.1.12.01.01.0001,Dan Konstruksi,material_umum,Paving natural tebal 6 cm,M2,148100,2026,Kabupaten Bandung,Perbup No.55 Tahun 2025
1.1.12.01.01.0001,Dan Konstruksi,material_umum,Paving natural tebal 8 cm,M2,188600,2026,Kabupaten Bandung,Perbup No.55 Tahun 2025
1.1.12.01.01.0001,Dan Konstruksi,material_umum,Paving warna tebal 6 cm,M2,180900,2026,Kabupaten Bandung,Perbup No.55 Tahun 2025
1.1.12.01.01.0001,Dan Konstruksi,material_umum,Paving warna tebal 8 cm,M2,156900,2026,Kabupaten Bandung,Perbup No.55 Tahun 2025
1.1.12.01.01.0001,Dan Konstruksi,material_umum,Peilschaal / Papan Duga Air,M,274200,2026,Kabupaten Bandung,Perbup No.55 Tahun 2025
1.1.12.01.01.0001,Dan Konstruksi,material_umum,Pelampung otomatis,Buah,700900,2026,Kabupaten Bandung,Perbup No.55 Tahun 2025
1.1.12.01.01.0001,Dan Konstruksi,material_umum,Pen Akrilik dan Baut,Buah,5900,2026,Kabupaten Bandung,Perbup No.55 Tahun 2025
1.1.12.01.01.0001,Dan Konstruksi,material_umum,Pen Kuningan Titik Acuan,Buah,22500,2026,Kabupaten Bandung,Perbup No.55 Tahun 2025
1.1.12.01.01.0001,Dan Konstruksi,material_umum,Pengencer,Liter,36400,2026,Kabupaten Bandung,Perbup No.55 Tahun 2025
1.1.12.01.01.0001,Dan Konstruksi,material_umum,Penjaga Jarak Bekisting/Spacer,Buah,12100,2026,Kabupaten Bandung,Perbup No.55 Tahun 2025
1.1.12.01.01.0001,Dan Konstruksi,material_umum,Penyekat Urinoir Toto lengkap,Unit,959700,2026,Kabupaten Bandung,Perbup No.55 Tahun 2025
1.1.12.01.01.0001,Dan Konstruksi,material_umum,Perekat Campuran Hydroseeding,Kg,42800,2026,Kabupaten Bandung,Perbup No.55 Tahun 2025
1.1.12.01.01.0001,Dan Konstruksi,material_umum,Perekat Matras Perkuatan (Lem),Kg,10700,2026,Kabupaten Bandung,Perbup No.55 Tahun 2025
1.1.12.01.01.0001,Dan Konstruksi,material_umum,Pintu,Set,1754800,2026,Kabupaten Bandung,Perbup No.55 Tahun 2025
1.1.12.01.01.0001,Dan Konstruksi,material_umum,Pintu (Engsel + Handle + Kunci),Set,3005100,2026,Kabupaten Bandung,Perbup No.55 Tahun 2025
1.1.12.01.01.0001,Dan Konstruksi,material_umum,Pintu Air,Unit,3389000,2026,Kabupaten Bandung,Perbup No.55 Tahun 2025
1.1.12.01.01.0001,Dan Konstruksi,material_umum,Pintu Double Teakwood Rangka Kayu,M2,883200,2026,Kabupaten Bandung,Perbup No.55 Tahun 2025
1.1.12.01.01.0001,Dan Konstruksi,material_umum,Pintu Kamar Mandi PVC lengkap kusen PVC-kunci,Set,1036400,2026,Kabupaten Bandung,Perbup No.55 Tahun 2025
1.1.12.01.01.0001,Dan Konstruksi,material_umum,Pintu Kubikel,Set,2576300,2026,Kabupaten Bandung,Perbup No.55 Tahun 2025
1.1.12.01.01.0001,Dan Konstruksi,material_umum,Pintu lipat,M2,987100,2026,Kabupaten Bandung,Perbup No.55 Tahun 2025
1.1.12.01.01.0001,Dan Konstruksi,material_umum,Pintu Panel Kayu Lampis Timbal Uk. 1x2m,Unit,3295600,2026,Kabupaten Bandung,Perbup No.55 Tahun 2025
1.1.12.01.01.0001,Dan Konstruksi,material_umum,Pintu Penguras,Unit,466100,2026,Kabupaten Bandung,Perbup No.55 Tahun 2025
1.1.12.01.01.0001,Dan Konstruksi,material_umum,Pintu Tahan Api,Unit,6716400,2026,Kabupaten Bandung,Perbup No.55 Tahun 2025
1.1.12.01.01.0001,Dan Konstruksi,material_umum,Pintu uPVC Lebar 70cm Lengkap dengan Aksesoris,Buah,1760000,2026,Kabupaten Bandung,Perbup No.55 Tahun 2025
1.1.12.01.01.0001,Dan Konstruksi,material_umum,Pintu uPVC Lebar 80cm Lengkap dengan Aksesoris,Buah,1230000,2026,Kabupaten Bandung,Perbup No.55 Tahun 2025
1.1.12.01.01.0001,Dan Konstruksi,material_umum,Pipa Paralon 1/2 4 M,Batang,44900,2026,Kabupaten Bandung,Perbup No.55 Tahun 2025
1.1.12.01.01.0001,Dan Konstruksi,material_umum,Pipa Paralon 3/4 4M,Batang,58900,2026,Kabupaten Bandung,Perbup No.55 Tahun 2025
1.1.12.01.01.0001,Dan Konstruksi,material_umum,"Pipa Porous 2 """,M,37900,2026,Kabupaten Bandung,Perbup No.55 Tahun 2025
1.1.12.01.01.0001,Dan Konstruksi,material_umum,Plamir Kayu,Kg,49300,2026,Kabupaten Bandung,Perbup No.55 Tahun 2025
1.1.12.01.01.0001,Dan Konstruksi,material_umum,Plamir tembok,Kg,24200,2026,Kabupaten Bandung,Perbup No.55 Tahun 2025
1.1.12.01.01.0001,Dan Konstruksi,material_umum,Plamur Kayu,Kg,9100,2026,Kabupaten Bandung,Perbup No.55 Tahun 2025
1.1.12.01.01.0001,Dan Konstruksi,material_umum,Plang dan Pemasangan,Buah,2755300,2026,Kabupaten Bandung,Perbup No.55 Tahun 2025
1.1.12.01.01.0001,Dan Konstruksi,material_umum,Plastik Aerator,Buah,14800,2026,Kabupaten Bandung,Perbup No.55 Tahun 2025
1.1.12.01.01.0001,Dan Konstruksi,material_umum,Plastik Cor (Pet Murni),Kg,58700,2026,Kabupaten Bandung,Perbup No.55 Tahun 2025
1.1.12.01.01.0001,Dan Konstruksi,material_umum,Plester Bata Ringan (50 Kg),Zak,66900,2026,Kabupaten Bandung,Perbup No.55 Tahun 2025
1.1.12.01.01.0001,Dan Konstruksi,material_umum,Plint Homogeneous Tile Uk. 10 sd 15cm x 30cm,Buah,27100,2026,Kabupaten Bandung,Perbup No.55 Tahun 2025
1.1.12.01.01.0001,Dan Konstruksi,material_umum,Plint Homogeneous Tile Uk. 10 sd 15cm x 30cm Polish,Buah,30000,2026,Kabupaten Bandung,Perbup No.55 Tahun 2025
1.1.12.01.01.0001,Dan Konstruksi,material_umum,Plint Homogeneous Tile Uk. 10 sd 15cm x 30cm Unpolish,Buah,26000,2026,Kabupaten Bandung,Perbup No.55 Tahun 2025
1.1.12.01.01.0001,Dan Konstruksi,material_umum,Plint Homogeneous Tile Uk. 10 sd 15cm x 40cm,Buah,16500,2026,Kabupaten Bandung,Perbup No.55 Tahun 2025
1.1.12.01.01.0001,Dan Konstruksi,material_umum,Plint Homogeneous Tile Uk. 10 sd 15cm x 40cm Polish,Buah,36000,2026,Kabupaten Bandung,Perbup No.55 Tahun 2025
1.1.12.01.01.0001,Dan Konstruksi,material_umum,Plint Homogeneous Tile Uk. 10 sd 15cm x 40cm Unpolish,Buah,31000,2026,Kabupaten Bandung,Perbup No.55 Tahun 2025
1.1.12.01.01.0001,Dan Konstruksi,material_umum,Plint Homogeneous Tile Uk. 10 sd 15cm x 60cm,Buah,49300,2026,Kabupaten Bandung,Perbup No.55 Tahun 2025
1.1.12.01.01.0001,Dan Konstruksi,material_umum,Plint Homogeneous Tile Uk. 10 sd 15cm x 60cm Polish,Buah,48000,2026,Kabupaten Bandung,Perbup No.55 Tahun 2025
1.1.12.01.01.0001,Dan Konstruksi,material_umum,Plint Homogeneous Tile Uk. 10 sd 15cm x 60cm Unpolish,Buah,42000,2026,Kabupaten Bandung,Perbup No.55 Tahun 2025
1.1.12.01.01.0001,Dan Konstruksi,material_umum,Plint Internal Cove,Buah,40100,2026,Kabupaten Bandung,Perbup No.55 Tahun 2025
1.1.12.01.01.0001,Dan Konstruksi,material_umum,Plint Keramik Uk. 20cm,Buah,2700,2026,Kabupaten Bandung,Perbup No.55 Tahun 2025
1.1.12.01.01.0001,Dan Konstruksi,material_umum,Plint Keramik Uk. 30cm,Buah,3000,2026,Kabupaten Bandung,Perbup No.55 Tahun 2025
1.1.12.01.01.0001,Dan Konstruksi,material_umum,Plint Keramik Uk. 40cm,Buah,5400,2026,Kabupaten Bandung,Perbup No.55 Tahun 2025
1.1.12.01.01.0001,Dan Konstruksi,material_umum,Plint Keramik Uk. 60cm,Buah,12800,2026,Kabupaten Bandung,Perbup No.55 Tahun 2025
1.1.12.01.01.0001,Dan Konstruksi,material_umum,Plint Teralux Marmer Uk. 30cm,Buah,10700,2026,Kabupaten Bandung,Perbup No.55 Tahun 2025
1.1.12.01.01.0001,Dan Konstruksi,material_umum,Plint Teralux Marmer Uk. 40cm,Buah,12800,2026,Kabupaten Bandung,Perbup No.55 Tahun 2025
1.1.12.01.01.0001,Dan Konstruksi,material_umum,Plint Teralux Marmer Uk. 60cm,Buah,16100,2026,Kabupaten Bandung,Perbup No.55 Tahun 2025
1.1.12.01.01.0001,Dan Konstruksi,material_umum,Plint Ubin Granit Uk. 30cm,Buah,6400,2026,Kabupaten Bandung,Perbup No.55 Tahun 2025
1.1.12.01.01.0001,Dan Konstruksi,material_umum,Plint Ubin Granit Uk. 40cm,Buah,10700,2026,Kabupaten Bandung,Perbup No.55 Tahun 2025
1.1.12.01.01.0001,Dan Konstruksi,material_umum,Plint Ubin Granit Uk. 60cm,Buah,12800,2026,Kabupaten Bandung,Perbup No.55 Tahun 2025
1.1.12.01.01.0001,Dan Konstruksi,material_umum,Plint Ubin PC Abu-abu Uk. 20cm,Buah,2700,2026,Kabupaten Bandung,Perbup No.55 Tahun 2025
1.1.12.01.01.0001,Dan Konstruksi,material_umum,Plint Ubin PC Abu-abu Uk. 30cm,Buah,4300,2026,Kabupaten Bandung,Perbup No.55 Tahun 2025
1.1.12.01.01.0001,Dan Konstruksi,material_umum,Plint Ubin PC Abu-abu Uk. 40cm,Buah,5400,2026,Kabupaten Bandung,Perbup No.55 Tahun 2025
1.1.12.01.01.0001,Dan Konstruksi,material_umum,Plint Ubin PC Abu-abu Uk. 60cm,Buah,7000,2026,Kabupaten Bandung,Perbup No.55 Tahun 2025
1.1.12.01.01.0001,Dan Konstruksi,material_umum,Plint Ubin Teraso Uk. 30cm,Buah,9600,2026,Kabupaten Bandung,Perbup No.55 Tahun 2025
1.1.12.01.01.0001,Dan Konstruksi,material_umum,Plint Ubin Teraso Uk. 40cm,Buah,12800,2026,Kabupaten Bandung,Perbup No.55 Tahun 2025
1.1.12.01.01.0001,Dan Konstruksi,material_umum,Plint Ubin Warna Uk. 20cm,Buah,5400,2026,Kabupaten Bandung,Perbup No.55 Tahun 2025
1.1.12.01.01.0001,Dan Konstruksi,material_umum,Plint Ubin Warna Uk. 30cm,Buah,8000,2026,Kabupaten Bandung,Perbup No.55 Tahun 2025
1.1.12.01.01.0001,Dan Konstruksi,material_umum,Plint Ubin Warna Uk. 40cm,Buah,8000,2026,Kabupaten Bandung,Perbup No.55 Tahun 2025
1.1.12.01.01.0001,Dan Konstruksi,material_umum,Plint Ubin Warna Uk. 60cm,Buah,13400,2026,Kabupaten Bandung,Perbup No.55 Tahun 2025
1.1.12.01.01.0001,Dan Konstruksi,material_umum,"Plosok 1"" X 3/4 -",Buah,4900,2026,Kabupaten Bandung,Perbup No.55 Tahun 2025
1.1.12.01.01.0001,Dan Konstruksi,material_umum,"Plug Kran Dia. 1/2"" (Kuningan)",Buah,71300,2026,Kabupaten Bandung,Perbup No.55 Tahun 2025
1.1.12.01.01.0001,Dan Konstruksi,material_umum,Politur,Liter,90500,2026,Kabupaten Bandung,Perbup No.55 Tahun 2025
1.1.12.01.01.0001,Dan Konstruksi,material_umum,Politur Jadi,Liter,100600,2026,Kabupaten Bandung,Perbup No.55 Tahun 2025
1.1.12.01.01.0001,Dan Konstruksi,material_umum,Polymer Inspection Pit dan Aksesoris,Unit,677700,2026,Kabupaten Bandung,Perbup No.55 Tahun 2025
1.1.12.01.01.0001,Dan Konstruksi,material_umum,Polytene 125 mikron,Kg,21900,2026,Kabupaten Bandung,Perbup No.55 Tahun 2025
1.1.12.01.01.0001,Dan Konstruksi,material_umum,Pondasi Pasangan Batu (Rollag Bata),M3,331900,2026,Kabupaten Bandung,Perbup No.55 Tahun 2025
1.1.12.01.01.0001,Dan Konstruksi,material_umum,Porselen Uk. 10x20cm,Buah,1900,2026,Kabupaten Bandung,Perbup No.55 Tahun 2025
1.1.12.01.01.0001,Dan Konstruksi,material_umum,Porselen Uk. 11x11cm,Buah,6400,2026,Kabupaten Bandung,Perbup No.55 Tahun 2025
1.1.12.01.01.0001,Dan Konstruksi,material_umum,Porselen Uk. 11x11cm,Dus,64200,2026,Kabupaten Bandung,Perbup No.55 Tahun 2025
1.1.12.01.01.0001,Dan Konstruksi,material_umum,Porselen Uk. 20x20cm,Buah,2200,2026,Kabupaten Bandung,Perbup No.55 Tahun 2025
1.1.12.01.01.0001,Dan Konstruksi,material_umum,Prasasti 30 x 25 cm,Buah,274200,2026,Kabupaten Bandung,Perbup No.55 Tahun 2025
1.1.12.01.01.0001,Dan Konstruksi,material_umum,Prasasti Batu Marmer (Grafir) -,Ls,712900,2026,Kabupaten Bandung,Perbup No.55 Tahun 2025
1.1.12.01.01.0001,Dan Konstruksi,material_umum,,Buah,160500,2026,Kabupaten Bandung,Perbup No.55 Tahun 2025
1.1.12.01.01.0001,Dan Konstruksi,material_umum,Pressure Gauge 16 K ; Dia. 1“ (25 mm) + Material Bantu,Buah,171700,2026,Kabupaten Bandung,Perbup No.55 Tahun 2025
1.1.12.01.01.0001,Dan Konstruksi,material_umum,,Buah,196600,2026,Kabupaten Bandung,Perbup No.55 Tahun 2025
1.1.12.01.01.0001,Dan Konstruksi,material_umum,,Buah,183800,2026,Kabupaten Bandung,Perbup No.55 Tahun 2025
1.1.12.01.01.0001,Dan Konstruksi,material_umum,Pressure Gauge 16 K ; Dia. 2“ (50 mm) + Material Bantu,Buah,210400,2026,Kabupaten Bandung,Perbup No.55 Tahun 2025
1.1.12.01.01.0001,Dan Konstruksi,material_umum,,Buah,246100,2026,Kabupaten Bandung,Perbup No.55 Tahun 2025
1.1.12.01.01.0001,Dan Konstruksi,material_umum,Pressure Gauge 16 K ; Dia. 3“ (80 mm) + Material Bantu,Buah,263300,2026,Kabupaten Bandung,Perbup No.55 Tahun 2025
1.1.12.01.01.0001,Dan Konstruksi,material_umum,Pressure Gauge 16 K ; Dia. 4“ (100 mm) + Material Bantu,Buah,281800,2026,Kabupaten Bandung,Perbup No.55 Tahun 2025
1.1.12.01.01.0001,Dan Konstruksi,material_umum,,Buah,149800,2026,Kabupaten Bandung,Perbup No.55 Tahun 2025
1.1.12.01.01.0001,Dan Konstruksi,material_umum,Pressure Gauge 25 K ; Dia. 1“ (25 mm) + Material Bantu,Buah,187200,2026,Kabupaten Bandung,Perbup No.55 Tahun 2025
1.1.12.01.01.0001,Dan Konstruksi,material_umum,Pressure Gauge 25 K ; Dia. 2“ (50 mm) + Material Bantu,Buah,234100,2026,Kabupaten Bandung,Perbup No.55 Tahun 2025
1.1.12.01.01.0001,Dan Konstruksi,material_umum,Pressure Gauge 25 K ; Dia. 3“ (80 mm) + Material Bantu,Buah,292600,2026,Kabupaten Bandung,Perbup No.55 Tahun 2025
1.1.12.01.01.0001,Dan Konstruksi,material_umum,Pressure Gauge 25 K ; Dia. 4“ (100 mm) + Material Bantu,Buah,365700,2026,Kabupaten Bandung,Perbup No.55 Tahun 2025
1.1.12.01.01.0001,Dan Konstruksi,material_umum,,Buah,256800,2026,Kabupaten Bandung,Perbup No.55 Tahun 2025
1.1.12.01.01.0001,Dan Konstruksi,material_umum,Pressure Gauge 40 K ; Dia. 1“ (25 mm) + Material Bantu,Buah,475100,2026,Kabupaten Bandung,Perbup No.55 Tahun 2025
1.1.12.01.01.0001,Dan Konstruksi,material_umum,Pressure Switch + Material Bantu,Buah,267500,2026,Kabupaten Bandung,Perbup No.55 Tahun 2025
1.1.12.01.01.0001,Dan Konstruksi,material_umum,Profil Allumunium Kusen,M,111700,2026,Kabupaten Bandung,Perbup No.55 Tahun 2025
1.1.12.01.01.0001,Dan Konstruksi,material_umum,Profil Allumunium Rangka pintu-jendela Natural,M,148800,2026,Kabupaten Bandung,Perbup No.55 Tahun 2025
1.1.12.01.01.0001,Dan Konstruksi,material_umum,Profil Alum ”T”,M,17300,2026,Kabupaten Bandung,Perbup No.55 Tahun 2025
1.1.12.01.01.0001,Dan Konstruksi,material_umum,Profil Aluminium,M,111700,2026,Kabupaten Bandung,Perbup No.55 Tahun 2025
1.1.12.01.01.0001,Dan Konstruksi,material_umum,Profil Aluminium 4 Inch,M,416800,2026,Kabupaten Bandung,Perbup No.55 Tahun 2025
1.1.12.01.01.0001,Dan Konstruksi,material_umum,"Profil alumunium ""T""",M,17300,2026,Kabupaten Bandung,Perbup No.55 Tahun 2025
1.1.12.01.01.0001,Dan Konstruksi,material_umum,Profil Kaca,M,71300,2026,Kabupaten Bandung,Perbup No.55 Tahun 2025
1.1.12.01.01.0001,Dan Konstruksi,material_umum,Profil Kaca Tebal 6mm,M2,298000,2026,Kabupaten Bandung,Perbup No.55 Tahun 2025
1.1.12.01.01.0001,Dan Konstruksi,material_umum,Profil Selimar Aluminium,M,348800,2026,Kabupaten Bandung,Perbup No.55 Tahun 2025
1.1.12.01.01.0001,Dan Konstruksi,material_umum,PUTM Termasuk Material Bantu/Aksesoris,Unit,3745000,2026,Kabupaten Bandung,Perbup No.55 Tahun 2025
1.1.12.01.01.0001,Dan Konstruksi,material_umum,PUTR per Kubikal Termasuk Material Bantu/Aksesoris,Unit,1872500,2026,Kabupaten Bandung,Perbup No.55 Tahun 2025
1.1.12.01.01.0001,Dan Konstruksi,material_umum,Ram Kawat Galvanis 25x25mm,M2,106400,2026,Kabupaten Bandung,Perbup No.55 Tahun 2025
1.1.12.01.01.0001,Dan Konstruksi,material_umum,Rambuncis,Buah,82300,2026,Kabupaten Bandung,Perbup No.55 Tahun 2025
1.1.12.01.01.0001,Dan Konstruksi,material_umum,Ramset,Buah,2200,2026,Kabupaten Bandung,Perbup No.55 Tahun 2025
1.1.12.01.01.0001,Dan Konstruksi,material_umum,Rangka Aluminium,M,149800,2026,Kabupaten Bandung,Perbup No.55 Tahun 2025
1.1.12.01.01.0001,Dan Konstruksi,material_umum,Rangka Luar,Set,951200,2026,Kabupaten Bandung,Perbup No.55 Tahun 2025
1.1.12.01.01.0001,Dan Konstruksi,material_umum,Rangka Metal Hollow 40.40mm,M,32100,2026,Kabupaten Bandung,Perbup No.55 Tahun 2025
1.1.12.01.01.0001,Dan Konstruksi,material_umum,Rate of Rise Detector Addressable dan Aksesoris,Unit,1462700,2026,Kabupaten Bandung,Perbup No.55 Tahun 2025
1.1.12.01.01.0001,Dan Konstruksi,material_umum,Rate of Rise Detector Konvensional dan Aksesoris,Unit,274500,2026,Kabupaten Bandung,Perbup No.55 Tahun 2025
1.1.12.01.01.0001,Dan Konstruksi,material_umum,Rel pintu dorong,Buah,219400,2026,Kabupaten Bandung,Perbup No.55 Tahun 2025
1.1.12.01.01.0001,Dan Konstruksi,material_umum,Rel Pintu Dorong,Set,900200,2026,Kabupaten Bandung,Perbup No.55 Tahun 2025
1.1.12.01.01.0001,Dan Konstruksi,material_umum,Reng (3 x 4) cm,M3,4521400,2026,Kabupaten Bandung,Perbup No.55 Tahun 2025
1.1.12.01.01.0001,Dan Konstruksi,material_umum,Reng 2 x 3 cm,M3,3457500,2026,Kabupaten Bandung,Perbup No.55 Tahun 2025
1.1.12.01.01.0001,Dan Konstruksi,material_umum,Reng Bambu,Ikat,60300,2026,Kabupaten Bandung,Perbup No.55 Tahun 2025
1.1.12.01.01.0001,Dan Konstruksi,material_umum,Residu,Liter,1300,2026,Kabupaten Bandung,Perbup No.55 Tahun 2025
1.1.12.01.01.0001,Dan Konstruksi,material_umum,Residu atau Ter,Liter,36400,2026,Kabupaten Bandung,Perbup No.55 Tahun 2025
1.1.12.01.01.0001,Dan Konstruksi,material_umum,Ring Pelat,Buah,100,2026,Kabupaten Bandung,Perbup No.55 Tahun 2025
1.1.12.01.01.0001,Dan Konstruksi,material_umum,Rockwool t = 50mm,M2,420000,2026,Kabupaten Bandung,Perbup No.55 Tahun 2025
1.1.12.01.01.0001,Dan Konstruksi,material_umum,Rod Coupling,Buah,187400,2026,Kabupaten Bandung,Perbup No.55 Tahun 2025
1.1.12.01.01.0001,Dan Konstruksi,material_umum,Rod to Cable Clamp (Type GUV) dan Aksesoris,Unit,172900,2026,Kabupaten Bandung,Perbup No.55 Tahun 2025
1.1.12.01.01.0001,Dan Konstruksi,material_umum,Roll door,M2,493600,2026,Kabupaten Bandung,Perbup No.55 Tahun 2025
1.1.12.01.01.0001,Dan Konstruksi,material_umum,Rolling Door Aluminium,M2,765100,2026,Kabupaten Bandung,Perbup No.55 Tahun 2025
1.1.12.01.01.0001,Dan Konstruksi,material_umum,Rolling Door Besi,M2,1118200,2026,Kabupaten Bandung,Perbup No.55 Tahun 2025
1.1.12.01.01.0001,Dan Konstruksi,material_umum,Roof Drain ; Dia. 10“ (250 mm) + Material Bantu,Buah,502900,2026,Kabupaten Bandung,Perbup No.55 Tahun 2025
1.1.12.01.01.0001,Dan Konstruksi,material_umum,Roof Drain ; Dia. 12“ (300 mm) + Material Bantu,Buah,682700,2026,Kabupaten Bandung,Perbup No.55 Tahun 2025
1.1.12.01.01.0001,Dan Konstruksi,material_umum,Roof Drain ; Dia. 2“ (50 mm) + Material Bantu,Buah,42800,2026,Kabupaten Bandung,Perbup No.55 Tahun 2025
1.1.12.01.01.0001,Dan Konstruksi,material_umum,Roof Drain ; Dia. 2-1/2“ (65 mm) + Material Bantu,Buah,50300,2026,Kabupaten Bandung,Perbup No.55 Tahun 2025
1.1.12.01.01.0001,Dan Konstruksi,material_umum,Roof Drain ; Dia. 3“ (80 mm) + Material Bantu,Buah,56200,2026,Kabupaten Bandung,Perbup No.55 Tahun 2025
1.1.12.01.01.0001,Dan Konstruksi,material_umum,Roof Drain ; Dia. 4“ (100 mm) + Material Bantu,Buah,58900,2026,Kabupaten Bandung,Perbup No.55 Tahun 2025
1.1.12.01.01.0001,Dan Konstruksi,material_umum,Roof Drain ; Dia. 5“ (125 mm) + Material Bantu,Buah,165900,2026,Kabupaten Bandung,Perbup No.55 Tahun 2025
1.1.12.01.01.0001,Dan Konstruksi,material_umum,Roof Drain ; Dia. 6“ (150 mm) + Material Bantu,Buah,209700,2026,Kabupaten Bandung,Perbup No.55 Tahun 2025
1.1.12.01.01.0001,Dan Konstruksi,material_umum,Roof Drain ; Dia. 8“ (200 mm) + Material Bantu,Buah,231100,2026,Kabupaten Bandung,Perbup No.55 Tahun 2025
1.1.12.01.01.0001,Dan Konstruksi,material_umum,Roofdrain,Buah,164600,2026,Kabupaten Bandung,Perbup No.55 Tahun 2025
1.1.12.01.01.0001,Dan Konstruksi,material_umum,Rooflight Uk. 90x180cm,Lembar,84500,2026,Kabupaten Bandung,Perbup No.55 Tahun 2025
1.1.12.01.01.0001,Dan Konstruksi,material_umum,Roster beton 20 x 20 x 7,Buah,13200,2026,Kabupaten Bandung,Perbup No.55 Tahun 2025
1.1.12.01.01.0001,Dan Konstruksi,material_umum,Roster Kayu 40 x 20 x 7,Buah,11000,2026,Kabupaten Bandung,Perbup No.55 Tahun 2025
1.1.12.01.01.0001,Dan Konstruksi,material_umum,Rubber Ring Dia. 120 cm,Buah,377500,2026,Kabupaten Bandung,Perbup No.55 Tahun 2025
1.1.12.01.01.0001,Dan Konstruksi,material_umum,Rubber Ring Dia. 80 cm,Buah,149000,2026,Kabupaten Bandung,Perbup No.55 Tahun 2025
1.1.12.01.01.0001,Dan Konstruksi,material_umum,Saluran air beton (U-DITCH) 20 x 50 tebal 4 cm,Buah,166800,2026,Kabupaten Bandung,Perbup No.55 Tahun 2025
1.1.12.01.01.0001,Dan Konstruksi,material_umum,Saluran air beton (U-DITCH) 30 x 50 tebal 5 cm,Buah,522800,2026,Kabupaten Bandung,Perbup No.55 Tahun 2025
1.1.12.01.01.0001,Dan Konstruksi,material_umum,Saluran air beton (U-DITCH) 40 x 50 tebal 6 cm,Buah,655800,2026,Kabupaten Bandung,Perbup No.55 Tahun 2025
1.1.12.01.01.0001,Dan Konstruksi,material_umum,Saluran air beton (U-DITCH) 50 x 50 tebal 7 cm,Buah,842500,2026,Kabupaten Bandung,Perbup No.55 Tahun 2025
1.1.12.01.01.0001,Dan Konstruksi,material_umum,Sanding,Kg,106800,2026,Kabupaten Bandung,Perbup No.55 Tahun 2025
1.1.12.01.01.0001,Dan Konstruksi,material_umum,Sanding sealer,Kg,106800,2026,Kabupaten Bandung,Perbup No.55 Tahun 2025
1.1.12.01.01.0001,Dan Konstruksi,material_umum,Sanding sealer,Kg,106800,2026,Kabupaten Bandung,Perbup No.55 Tahun 2025
1.1.12.01.01.0001,Dan Konstruksi,material_umum,"Saringan 1""",Buah,15900,2026,Kabupaten Bandung,Perbup No.55 Tahun 2025
1.1.12.01.01.0001,Dan Konstruksi,material_umum,Saringan Air,Buah,19800,2026,Kabupaten Bandung,Perbup No.55 Tahun 2025
1.1.12.01.01.0001,Dan Konstruksi,material_umum,Scrapper,Buah,12100,2026,Kabupaten Bandung,Perbup No.55 Tahun 2025
1.1.12.01.01.0001,Dan Konstruksi,material_umum,Scrapper Plus motor,Unit,165315000,2026,Kabupaten Bandung,Perbup No.55 Tahun 2025
1.1.12.01.01.0001,Dan Konstruksi,material_umum,Screen,M2,110200,2026,Kabupaten Bandung,Perbup No.55 Tahun 2025
1.1.12.01.01.0001,Dan Konstruksi,material_umum,"Sdd - Sdd "" Rucika",Buah,4600,2026,Kabupaten Bandung,Perbup No.55 Tahun 2025
1.1.12.01.01.0001,Dan Konstruksi,material_umum,"Sdl - Sdl 1"" Rucika",Buah,7200,2026,Kabupaten Bandung,Perbup No.55 Tahun 2025
1.1.12.01.01.0001,Dan Konstruksi,material_umum,Sdl - Sdl 3/4 Inch,Buah,15400,2026,Kabupaten Bandung,Perbup No.55 Tahun 2025
1.1.12.01.01.0001,Dan Konstruksi,material_umum,Seal Tape,Buah,4900,2026,Kabupaten Bandung,Perbup No.55 Tahun 2025
1.1.12.01.01.0001,Dan Konstruksi,material_umum,Sealant,Tube,27900,2026,Kabupaten Bandung,Perbup No.55 Tahun 2025
1.1.12.01.01.0001,Dan Konstruksi,material_umum,Sealtape,Buah,10700,2026,Kabupaten Bandung,Perbup No.55 Tahun 2025
1.1.12.01.01.0001,Dan Konstruksi,material_umum,Sekat Kubikel + Aksesoris,M2,963000,2026,Kabupaten Bandung,Perbup No.55 Tahun 2025
1.1.12.01.01.0001,Dan Konstruksi,material_umum,Sekat Urinoir,Buah,909500,2026,Kabupaten Bandung,Perbup No.55 Tahun 2025
1.1.12.01.01.0001,Dan Konstruksi,material_umum,"Sekrup 6x1-1,5",Buah,2200,2026,Kabupaten Bandung,Perbup No.55 Tahun 2025
1.1.12.01.01.0001,Dan Konstruksi,material_umum,Sekrup fixer,Buah,1100,2026,Kabupaten Bandung,Perbup No.55 Tahun 2025
1.1.12.01.01.0001,Dan Konstruksi,material_umum,Sekrup kayu ( uk. 25 cm ),Dus,39500,2026,Kabupaten Bandung,Perbup No.55 Tahun 2025
1.1.12.01.01.0001,Dan Konstruksi,material_umum,Sekrup kayu ( uk. 3 cm ),Dus,33000,2026,Kabupaten Bandung,Perbup No.55 Tahun 2025
1.1.12.01.01.0001,Dan Konstruksi,material_umum,Selector Switch c/w Control Panel dan Aksesoris,Unit,2077500,2026,Kabupaten Bandung,Perbup No.55 Tahun 2025
1.1.12.01.01.0001,Dan Konstruksi,material_umum,Self Drilling Screw,Buah,1100,2026,Kabupaten Bandung,Perbup No.55 Tahun 2025
1.1.12.01.01.0001,Dan Konstruksi,material_umum,Sepatu Pancang Beton Δ 28cm,Buah,80300,2026,Kabupaten Bandung,Perbup No.55 Tahun 2025
1.1.12.01.01.0001,Dan Konstruksi,material_umum,Sepatu Pancang Beton Δ 32cm,Buah,99000,2026,Kabupaten Bandung,Perbup No.55 Tahun 2025
1.1.12.01.01.0001,Dan Konstruksi,material_umum,Sepatu Pancang Dolken Ø 6-8cm,Buah,91000,2026,Kabupaten Bandung,Perbup No.55 Tahun 2025
1.1.12.01.01.0001,Dan Konstruksi,material_umum,Sepatu Pancang Kayu Ø 18 - 20cm,Buah,117700,2026,Kabupaten Bandung,Perbup No.55 Tahun 2025
1.1.12.01.01.0001,Dan Konstruksi,material_umum,Sepatu Pancang Uk. 20x20cm,Buah,48200,2026,Kabupaten Bandung,Perbup No.55 Tahun 2025
1.1.12.01.01.0001,Dan Konstruksi,material_umum,Sepatu Pancang Uk. 25x25cm,Buah,59900,2026,Kabupaten Bandung,Perbup No.55 Tahun 2025
1.1.12.01.01.0001,Dan Konstruksi,material_umum,Sepatu Pancang Uk. 30x30cm,Buah,75400,2026,Kabupaten Bandung,Perbup No.55 Tahun 2025
1.1.12.01.01.0001,Dan Konstruksi,material_umum,Sepatu Pancang Uk. 35x35cm,Buah,94200,2026,Kabupaten Bandung,Perbup No.55 Tahun 2025
1.1.12.01.01.0001,Dan Konstruksi,material_umum,Sepatu Pancang Uk. 40x40cm,Buah,117700,2026,Kabupaten Bandung,Perbup No.55 Tahun 2025
1.1.12.01.01.0001,Dan Konstruksi,material_umum,Sepatu Pancang Uk. 45x45cm,Buah,144500,2026,Kabupaten Bandung,Perbup No.55 Tahun 2025
1.1.12.01.01.0001,Dan Konstruksi,material_umum,Sepatu Pancang Uk. 50x50cm,Buah,187300,2026,Kabupaten Bandung,Perbup No.55 Tahun 2025
1.1.12.01.01.0001,Dan Konstruksi,material_umum,Sepatu Pancang Uk. Ø 30cm,Buah,69600,2026,Kabupaten Bandung,Perbup No.55 Tahun 2025
1.1.12.01.01.0001,Dan Konstruksi,material_umum,Sepatu Pancang Uk. Ø 35cm,Buah,87700,2026,Kabupaten Bandung,Perbup No.55 Tahun 2025
1.1.12.01.01.0001,Dan Konstruksi,material_umum,Sepatu Pancang Uk. Ø 40cm,Buah,109700,2026,Kabupaten Bandung,Perbup No.55 Tahun 2025
1.1.12.01.01.0001,Dan Konstruksi,material_umum,Sepatu Pancang Uk. Ø 45cm,Buah,133800,2026,Kabupaten Bandung,Perbup No.55 Tahun 2025
1.1.12.01.01.0001,Dan Konstruksi,material_umum,Sepatu Pancang Uk. Ø 50cm,Buah,169100,2026,Kabupaten Bandung,Perbup No.55 Tahun 2025
1.1.12.01.01.0001,Dan Konstruksi,material_umum,Sepatu Pancang Uk. Ø 60cm,Buah,214000,2026,Kabupaten Bandung,Perbup No.55 Tahun 2025
1.1.12.01.01.0001,Dan Konstruksi,material_umum,Serat Semen Tebal 4mm,M2,73000,2026,Kabupaten Bandung,Perbup No.55 Tahun 2025
1.1.12.01.01.0001,Dan Konstruksi,material_umum,Serat Semen Tebal 5mm,M2,79000,2026,Kabupaten Bandung,Perbup No.55 Tahun 2025
1.1.12.01.01.0001,Dan Konstruksi,material_umum,Serat Semen Tebal 6mm,M2,84000,2026,Kabupaten Bandung,Perbup No.55 Tahun 2025
1.1.12.01.01.0001,Dan Konstruksi,material_umum,Serbuk Batu Granit,Kg,8000,2026,Kabupaten Bandung,Perbup No.55 Tahun 2025
1.1.12.01.01.0001,Dan Konstruksi,material_umum,Serbuk Batu Traso,Kg,91000,2026,Kabupaten Bandung,Perbup No.55 Tahun 2025
1.1.12.01.01.0001,Dan Konstruksi,material_umum,Shower Set−type TX 423 SZ ex. Toto,Unit,875300,2026,Kabupaten Bandung,Perbup No.55 Tahun 2025
1.1.12.01.01.0001,Dan Konstruksi,material_umum,Shower Spray−type THX 20 NBPIV ex. Toto,Unit,275300,2026,Kabupaten Bandung,Perbup No.55 Tahun 2025
1.1.12.01.01.0001,Dan Konstruksi,material_umum,Sigh Glass,Buah,2266200,2026,Kabupaten Bandung,Perbup No.55 Tahun 2025
1.1.12.01.01.0001,Dan Konstruksi,material_umum,Silicone Sealant 300 ml,Tube,62700,2026,Kabupaten Bandung,Perbup No.55 Tahun 2025
1.1.12.01.01.0001,Dan Konstruksi,material_umum,Sirap Kayu,Buah,5900,2026,Kabupaten Bandung,Perbup No.55 Tahun 2025
1.1.12.01.01.0001,Dan Konstruksi,material_umum,Skrup Fixer,Buah,900,2026,Kabupaten Bandung,Perbup No.55 Tahun 2025
1.1.12.01.01.0001,Dan Konstruksi,material_umum,Smoke Detector Addressable dan Aksesoris,Unit,1706500,2026,Kabupaten Bandung,Perbup No.55 Tahun 2025
1.1.12.01.01.0001,Dan Konstruksi,material_umum,Smoke Detector Konvensional dan Aksesoris,Unit,330100,2026,Kabupaten Bandung,Perbup No.55 Tahun 2025
1.1.12.01.01.0001,Dan Konstruksi,material_umum,Soap Holder,Buah,48300,2026,Kabupaten Bandung,Perbup No.55 Tahun 2025
1.1.12.01.01.0001,Dan Konstruksi,material_umum,Spandek,M2,65800,2026,Kabupaten Bandung,Perbup No.55 Tahun 2025
1.1.12.01.01.0001,Dan Konstruksi,material_umum,Specer- Penjaga jarak bekisting,Buah,12100,2026,Kabupaten Bandung,Perbup No.55 Tahun 2025
1.1.12.01.01.0001,Dan Konstruksi,material_umum,Spring knip,Buah,120700,2026,Kabupaten Bandung,Perbup No.55 Tahun 2025
1.1.12.01.01.0001,Dan Konstruksi,material_umum,Sprinkler Head Pendant dan Aksesoris,Unit,92900,2026,Kabupaten Bandung,Perbup No.55 Tahun 2025
1.1.12.01.01.0001,Dan Konstruksi,material_umum,Sprinkler Head Upright dan Aksesoris,Unit,71700,2026,Kabupaten Bandung,Perbup No.55 Tahun 2025
1.1.12.01.01.0001,Dan Konstruksi,material_umum,"Stop Kran 3/4 """,Buah,192000,2026,Kabupaten Bandung,Perbup No.55 Tahun 2025
1.1.12.01.01.0001,Dan Konstruksi,material_umum,"Stop Kran Dia. 1/2""",Buah,109700,2026,Kabupaten Bandung,Perbup No.55 Tahun 2025
1.1.12.01.01.0001,Dan Konstruksi,material_umum,Stop Kran PVC 1/2 Inch,Buah,20000,2026,Kabupaten Bandung,Perbup No.55 Tahun 2025
1.1.12.01.01.0001,Dan Konstruksi,material_umum,Stop Kran PVC 3/4 Inch,Buah,47100,2026,Kabupaten Bandung,Perbup No.55 Tahun 2025
1.1.12.01.01.0001,Dan Konstruksi,material_umum,"Stop Kran, 1""",Buah,49300,2026,Kabupaten Bandung,Perbup No.55 Tahun 2025
1.1.12.01.01.0001,Dan Konstruksi,material_umum,"Stop Kran, 1/2""",Buah,46100,2026,Kabupaten Bandung,Perbup No.55 Tahun 2025
1.1.12.01.01.0001,Dan Konstruksi,material_umum,,M,55400,2026,Kabupaten Bandung,Perbup No.55 Tahun 2025
1.1.12.01.01.0001,Dan Konstruksi,material_umum,Strapping Band Lebar 15mm,M,100,2026,Kabupaten Bandung,Perbup No.55 Tahun 2025
1.1.12.01.01.0001,Dan Konstruksi,material_umum,Strorox - 100,Kg,37500,2026,Kabupaten Bandung,Perbup No.55 Tahun 2025
1.1.12.01.01.0001,Dan Konstruksi,material_umum,Sunscreen Aluminium,M2,668800,2026,Kabupaten Bandung,Perbup No.55 Tahun 2025
1.1.12.01.01.0001,Dan Konstruksi,material_umum,Tack Coat,Liter,48300,2026,Kabupaten Bandung,Perbup No.55 Tahun 2025
1.1.12.01.01.0001,Dan Konstruksi,material_umum,Tack Coat (Tanpa Alat),Liter,19500,2026,Kabupaten Bandung,Perbup No.55 Tahun 2025
1.1.12.01.01.0001,Dan Konstruksi,material_umum,Tack Coat / Emulsi (1 Drum ) @ 200 Ltr),Drum,2659600,2026,Kabupaten Bandung,Perbup No.55 Tahun 2025
1.1.12.01.01.0001,Dan Konstruksi,material_umum,Tali Ijuk,M,400,2026,Kabupaten Bandung,Perbup No.55 Tahun 2025
1.1.12.01.01.0001,Dan Konstruksi,material_umum,Tali Ijuk,M3,38000,2026,Kabupaten Bandung,Perbup No.55 Tahun 2025
1.1.12.01.01.0001,Dan Konstruksi,material_umum,Tali rapia/Plastik,M,600,2026,Kabupaten Bandung,Perbup No.55 Tahun 2025
1.1.12.01.01.0001,Dan Konstruksi,material_umum,Tanah Liat,M3,171100,2026,Kabupaten Bandung,Perbup No.55 Tahun 2025
1.1.12.01.01.0001,Dan Konstruksi,material_umum,Tanah Liat (Lempung),M3,7000,2026,Kabupaten Bandung,Perbup No.55 Tahun 2025
1.1.12.01.01.0001,Dan Konstruksi,material_umum,Tanah Subur: 75%,M3,244500,2026,Kabupaten Bandung,Perbup No.55 Tahun 2025
1.1.12.01.01.0001,Dan Konstruksi,material_umum,Tanah Subur: 90%,M3,316400,2026,Kabupaten Bandung,Perbup No.55 Tahun 2025
1.1.12.01.01.0001,Dan Konstruksi,material_umum,Tanah Timbunan,M3,188000,2026,Kabupaten Bandung,Perbup No.55 Tahun 2025
1.1.12.01.01.0001,Dan Konstruksi,material_umum,Tanah Urug,M3,188000,2026,Kabupaten Bandung,Perbup No.55 Tahun 2025
1.1.12.01.01.0001,Dan Konstruksi,material_umum,Tangga Servis Tinggi 4 Meter,Buah,1950000,2026,Kabupaten Bandung,Perbup No.55 Tahun 2025
1.1.12.01.01.0001,Dan Konstruksi,material_umum,Tarikan Kunci,Set,119500,2026,Kabupaten Bandung,Perbup No.55 Tahun 2025
1.1.12.01.01.0001,Dan Konstruksi,material_umum,Teak Oil,Liter,71300,2026,Kabupaten Bandung,Perbup No.55 Tahun 2025
1.1.12.01.01.0001,Dan Konstruksi,material_umum,Tegel Difablestone Warna Kuning -,Buah,16600,2026,Kabupaten Bandung,Perbup No.55 Tahun 2025
1.1.12.01.01.0001,Dan Konstruksi,material_umum,Tembakan Lem Bakar -,Buah,59300,2026,Kabupaten Bandung,Perbup No.55 Tahun 2025
1.1.12.01.01.0001,Dan Konstruksi,material_umum,Tempat Sabun−S 11 N EX. Toto,Buah,126200,2026,Kabupaten Bandung,Perbup No.55 Tahun 2025
1.1.12.01.01.0001,Dan Konstruksi,material_umum,Teraso Cor,M3,3745000,2026,Kabupaten Bandung,Perbup No.55 Tahun 2025
1.1.12.01.01.0001,Dan Konstruksi,material_umum,,Unit,551000,2026,Kabupaten Bandung,Perbup No.55 Tahun 2025
1.1.12.01.01.0001,Dan Konstruksi,material_umum,Terminal Box Fire Alarm (Tanpa Modul) dan aksesoris,Unit,375000,2026,Kabupaten Bandung,Perbup No.55 Tahun 2025
1.1.12.01.01.0001,Dan Konstruksi,material_umum,Terminal Box Tata Suara (TBTS) dan Aksesoris,Unit,1230500,2026,Kabupaten Bandung,Perbup No.55 Tahun 2025
1.1.12.01.01.0001,Dan Konstruksi,material_umum,Terminal Box Telepon dan Aksesoris,Unit,824300,2026,Kabupaten Bandung,Perbup No.55 Tahun 2025
1.1.12.01.01.0001,Dan Konstruksi,material_umum,Terminal Box TV dan Aksesoris,Unit,310300,2026,Kabupaten Bandung,Perbup No.55 Tahun 2025
1.1.12.01.01.0001,Dan Konstruksi,material_umum,Terminal Busbar Uk. 300x50x5mm,Buah,37500,2026,Kabupaten Bandung,Perbup No.55 Tahun 2025
1.1.12.01.01.0001,Dan Konstruksi,material_umum,Terpentin,Liter,60300,2026,Kabupaten Bandung,Perbup No.55 Tahun 2025
1.1.12.01.01.0001,Dan Konstruksi,material_umum,Test Drain Valve,Buah,1113200,2026,Kabupaten Bandung,Perbup No.55 Tahun 2025
1.1.12.01.01.0001,Dan Konstruksi,material_umum,Tiang Antena,Buah,516800,2026,Kabupaten Bandung,Perbup No.55 Tahun 2025
1.1.12.01.01.0001,Dan Konstruksi,material_umum,Tiang Horn Speaker,M,644500,2026,Kabupaten Bandung,Perbup No.55 Tahun 2025
1.1.12.01.01.0001,Dan Konstruksi,material_umum,"Tiang pagar BRC tinggi 1,2 m'",Buah,156900,2026,Kabupaten Bandung,Perbup No.55 Tahun 2025
1.1.12.01.01.0001,Dan Konstruksi,material_umum,Tiang Panel Pagar - Hb-200 Berat 129 Kg,Set,274300,2026,Kabupaten Bandung,Perbup No.55 Tahun 2025
1.1.12.01.01.0001,Dan Konstruksi,material_umum,Tiang Panel Pagar - Hb-22 Berat 142 Kg,Set,449700,2026,Kabupaten Bandung,Perbup No.55 Tahun 2025
1.1.12.01.01.0001,Dan Konstruksi,material_umum,Tiang Panel Pagar - Hb-250 Berat 161 Kg,Set,325100,2026,Kabupaten Bandung,Perbup No.55 Tahun 2025
1.1.12.01.01.0001,Dan Konstruksi,material_umum,Tiang Panel Pagar - Hb-260 Berat 167 Kg,Set,504500,2026,Kabupaten Bandung,Perbup No.55 Tahun 2025
1.1.12.01.01.0001,Dan Konstruksi,material_umum,Tiang Panel Pagar - Hb-280 Berat 180 Kg,Set,559400,2026,Kabupaten Bandung,Perbup No.55 Tahun 2025
1.1.12.01.01.0001,Dan Konstruksi,material_umum,Tiang Panel Pagar - Hb-300 Berat 193 Kg,Set,413700,2026,Kabupaten Bandung,Perbup No.55 Tahun 2025
1.1.12.01.01.0001,Dan Konstruksi,material_umum,Tiang Panel Pagar - Hb-340 Berat 219 Kg,Set,468400,2026,Kabupaten Bandung,Perbup No.55 Tahun 2025
1.1.12.01.01.0001,Dan Konstruksi,material_umum,Tiang Panel Pagar - Hb-380 Berat 245 Kg,Set,583900,2026,Kabupaten Bandung,Perbup No.55 Tahun 2025
1.1.12.01.01.0001,Dan Konstruksi,material_umum,Tiang Panel Pagar - Hb-420 Berat 270 Kg,Set,899300,2026,Kabupaten Bandung,Perbup No.55 Tahun 2025
1.1.12.01.01.0001,Dan Konstruksi,material_umum,,Unit,2675000,2026,Kabupaten Bandung,Perbup No.55 Tahun 2025
1.1.12.01.01.0001,Dan Konstruksi,material_umum,Timah,Roll,36700,2026,Kabupaten Bandung,Perbup No.55 Tahun 2025
1.1.12.01.01.0001,Dan Konstruksi,material_umum,Tissue/Paper Holder,Buah,92600,2026,Kabupaten Bandung,Perbup No.55 Tahun 2025
1.1.12.01.01.0001,Dan Konstruksi,material_umum,Towel Bar,Unit,617900,2026,Kabupaten Bandung,Perbup No.55 Tahun 2025
1.1.12.01.01.0001,Dan Konstruksi,material_umum,Tray (Horizontal) 200 x 100 mm dan Aksesoris,M,362700,2026,Kabupaten Bandung,Perbup No.55 Tahun 2025
1.1.12.01.01.0001,Dan Konstruksi,material_umum,,M1,377400,2026,Kabupaten Bandung,Perbup No.55 Tahun 2025
1.1.12.01.01.0001,Dan Konstruksi,material_umum,Tray (Horizontal) 300 x 100 mm dan Aksesoris,M,455800,2026,Kabupaten Bandung,Perbup No.55 Tahun 2025
1.1.12.01.01.0001,Dan Konstruksi,material_umum,,M1,476600,2026,Kabupaten Bandung,Perbup No.55 Tahun 2025
1.1.12.01.01.0001,Dan Konstruksi,material_umum,Tray (Horizontal) 400 x 100 mm dan Aksesoris,M,543600,2026,Kabupaten Bandung,Perbup No.55 Tahun 2025
1.1.12.01.01.0001,Dan Konstruksi,material_umum,,M1,555000,2026,Kabupaten Bandung,Perbup No.55 Tahun 2025
1.1.12.01.01.0001,Dan Konstruksi,material_umum,Tray (Horizontal) 500 x 100 mm dan Aksesoris,M,659100,2026,Kabupaten Bandung,Perbup No.55 Tahun 2025
1.1.12.01.01.0001,Dan Konstruksi,material_umum,,M1,670000,2026,Kabupaten Bandung,Perbup No.55 Tahun 2025
1.1.12.01.01.0001,Dan Konstruksi,material_umum,Tray (Horizontal) 600 x 100 mm dan Aksesoris,M,726500,2026,Kabupaten Bandung,Perbup No.55 Tahun 2025
1.1.12.01.01.0001,Dan Konstruksi,material_umum,,M1,743000,2026,Kabupaten Bandung,Perbup No.55 Tahun 2025
1.1.12.01.01.0001,Dan Konstruksi,material_umum,Tray (Vertikal) 200 x 100 mm dan Aksesoris,M,362700,2026,Kabupaten Bandung,Perbup No.55 Tahun 2025
1.1.12.01.01.0001,Dan Konstruksi,material_umum,,M1,377400,2026,Kabupaten Bandung,Perbup No.55 Tahun 2025
1.1.12.01.01.0001,Dan Konstruksi,material_umum,Tray (Vertikal) 300 x 100 mm dan Aksesoris,M,455800,2026,Kabupaten Bandung,Perbup No.55 Tahun 2025
1.1.12.01.01.0001,Dan Konstruksi,material_umum,,M1,476600,2026,Kabupaten Bandung,Perbup No.55 Tahun 2025
1.1.12.01.01.0001,Dan Konstruksi,material_umum,Tray (Vertikal) 400 x 100 mm dan Aksesoris,M,543600,2026,Kabupaten Bandung,Perbup No.55 Tahun 2025
1.1.12.01.01.0001,Dan Konstruksi,material_umum,,M1,555000,2026,Kabupaten Bandung,Perbup No.55 Tahun 2025
1.1.12.01.01.0001,Dan Konstruksi,material_umum,Tray (Vertikal) 500 x 100 mm dan Aksesoris,M,659100,2026,Kabupaten Bandung,Perbup No.55 Tahun 2025
1.1.12.01.01.0001,Dan Konstruksi,material_umum,,M1,670000,2026,Kabupaten Bandung,Perbup No.55 Tahun 2025
1.1.12.01.01.0001,Dan Konstruksi,material_umum,Tray (Vertikal) 600 x 100 mm dan Aksesoris,M,726500,2026,Kabupaten Bandung,Perbup No.55 Tahun 2025
1.1.12.01.01.0001,Dan Konstruksi,material_umum,,M1,743000,2026,Kabupaten Bandung,Perbup No.55 Tahun 2025
1.1.12.01.01.0001,Dan Konstruksi,material_umum,"Tusen klep 1""",Buah,37300,2026,Kabupaten Bandung,Perbup No.55 Tahun 2025
1.1.12.01.01.0001,Dan Konstruksi,material_umum,,Buah,877400,2026,Kabupaten Bandung,Perbup No.55 Tahun 2025
1.1.12.01.01.0001,Dan Konstruksi,material_umum,Ubin Abu-abu Uk. 20x20cm,Buah,3400,2026,Kabupaten Bandung,Perbup No.55 Tahun 2025
1.1.12.01.01.0001,Dan Konstruksi,material_umum,Ubin Abu-abu Uk. 30x30cm,Buah,5700,2026,Kabupaten Bandung,Perbup No.55 Tahun 2025
1.1.12.01.01.0001,Dan Konstruksi,material_umum,Ubin Abu-abu Uk. 40x40cm,Buah,10200,2026,Kabupaten Bandung,Perbup No.55 Tahun 2025
1.1.12.01.01.0001,Dan Konstruksi,material_umum,Ubin Abu-abu Uk. 60x60cm,Buah,61500,2026,Kabupaten Bandung,Perbup No.55 Tahun 2025
1.1.12.01.01.0001,Dan Konstruksi,material_umum,Ubin Granit Uk. 30x30cm,Buah,45200,2026,Kabupaten Bandung,Perbup No.55 Tahun 2025
1.1.12.01.01.0001,Dan Konstruksi,material_umum,Ubin Granit Uk. 40x40cm,Buah,56500,2026,Kabupaten Bandung,Perbup No.55 Tahun 2025
1.1.12.01.01.0001,Dan Konstruksi,material_umum,Ubin Granit Uk. 60x60cm,Buah,70900,2026,Kabupaten Bandung,Perbup No.55 Tahun 2025
1.1.12.01.01.0001,Dan Konstruksi,material_umum,Ubin pc abu-abu 20 x 20,Buah,3400,2026,Kabupaten Bandung,Perbup No.55 Tahun 2025
1.1.12.01.01.0001,Dan Konstruksi,material_umum,Ubin pc abu-abu 30 x 30,Buah,5700,2026,Kabupaten Bandung,Perbup No.55 Tahun 2025
1.1.12.01.01.0001,Dan Konstruksi,material_umum,Ubin pc abu-abu 40 x 40,Buah,10200,2026,Kabupaten Bandung,Perbup No.55 Tahun 2025
1.1.12.01.01.0001,Dan Konstruksi,material_umum,Ubin pc warna 20 x 20,Buah,4600,2026,Kabupaten Bandung,Perbup No.55 Tahun 2025
1.1.12.01.01.0001,Dan Konstruksi,material_umum,Ubin Porselen 20x20cm,Buah,2800,2026,Kabupaten Bandung,Perbup No.55 Tahun 2025
1.1.12.01.01.0001,Dan Konstruksi,material_umum,Ubin Teralux Kerang Uk. 30cm,Buah,8000,2026,Kabupaten Bandung,Perbup No.55 Tahun 2025
1.1.12.01.01.0001,Dan Konstruksi,material_umum,Ubin Teralux Kerang Uk. 40cm,Buah,8000,2026,Kabupaten Bandung,Perbup No.55 Tahun 2025
1.1.12.01.01.0001,Dan Konstruksi,material_umum,Ubin Teralux Kerang Uk. 60cm,Buah,29400,2026,Kabupaten Bandung,Perbup No.55 Tahun 2025
1.1.12.01.01.0001,Dan Konstruksi,material_umum,Ubin Teralux Marmer Uk. 30x30cm,Buah,9400,2026,Kabupaten Bandung,Perbup No.55 Tahun 2025
1.1.12.01.01.0001,Dan Konstruksi,material_umum,Ubin Teralux Marmer Uk. 40x40cm,Buah,23000,2026,Kabupaten Bandung,Perbup No.55 Tahun 2025
1.1.12.01.01.0001,Dan Konstruksi,material_umum,Ubin Teralux Marmer Uk. 60x60cm,Buah,78800,2026,Kabupaten Bandung,Perbup No.55 Tahun 2025
1.1.12.01.01.0001,Dan Konstruksi,material_umum,Ubin Teraso Uk. 30x30cm,Buah,6400,2026,Kabupaten Bandung,Perbup No.55 Tahun 2025
1.1.12.01.01.0001,Dan Konstruksi,material_umum,Ubin Teraso Uk. 40x40cm,Buah,14000,2026,Kabupaten Bandung,Perbup No.55 Tahun 2025
1.1.12.01.01.0001,Dan Konstruksi,material_umum,Ubin Warna Uk. 20x20cm,Buah,4600,2026,Kabupaten Bandung,Perbup No.55 Tahun 2025
1.1.12.01.01.0001,Dan Konstruksi,material_umum,Ubin Warna Uk. 30x30cm,Buah,6200,2026,Kabupaten Bandung,Perbup No.55 Tahun 2025
1.1.12.01.01.0001,Dan Konstruksi,material_umum,Ubin Warna Uk. 40x40cm,Buah,14700,2026,Kabupaten Bandung,Perbup No.55 Tahun 2025
1.1.12.01.01.0001,Dan Konstruksi,material_umum,Ubin Warna Uk. 60x60cm,Buah,26100,2026,Kabupaten Bandung,Perbup No.55 Tahun 2025
1.1.12.01.01.0001,Dan Konstruksi,material_umum,Urinoir Lengkap,Unit,3413300,2026,Kabupaten Bandung,Perbup No.55 Tahun 2025
1.1.12.01.01.0001,Dan Konstruksi,material_umum,Urinoir−setara TOTO,Unit,2358100,2026,Kabupaten Bandung,Perbup No.55 Tahun 2025
1.1.12.01.01.0001,Dan Konstruksi,material_umum,Urugan Pilihan,M3,104900,2026,Kabupaten Bandung,Perbup No.55 Tahun 2025
1.1.12.01.01.0001,Dan Konstruksi,material_umum,Vent Cap ; Dia. 2“ (50 mm) + Material Bantu,Buah,80300,2026,Kabupaten Bandung,Perbup No.55 Tahun 2025
1.1.12.01.01.0001,Dan Konstruksi,material_umum,Vent Cap ; Dia. 3“ (80 mm) + Material Bantu,Buah,88800,2026,Kabupaten Bandung,Perbup No.55 Tahun 2025
1.1.12.01.01.0001,Dan Konstruksi,material_umum,Vent Cap ; Dia. 4“ (100 mm) + Material Bantu,Buah,146100,2026,Kabupaten Bandung,Perbup No.55 Tahun 2025
1.1.12.01.01.0001,Dan Konstruksi,material_umum,Vent Out ; Dia. 2“ (50 mm) + Material Bantu,Buah,9600,2026,Kabupaten Bandung,Perbup No.55 Tahun 2025
1.1.12.01.01.0001,Dan Konstruksi,material_umum,Vernis,Liter,104200,2026,Kabupaten Bandung,Perbup No.55 Tahun 2025
1.1.12.01.01.0001,Dan Konstruksi,material_umum,Vynil,Buah,21400,2026,Kabupaten Bandung,Perbup No.55 Tahun 2025
1.1.12.01.01.0001,Dan Konstruksi,material_umum,Wall angle alumunium,M,9800,2026,Kabupaten Bandung,Perbup No.55 Tahun 2025
1.1.12.01.01.0001,Dan Konstruksi,material_umum,Wall Paper,M2,99800,2026,Kabupaten Bandung,Perbup No.55 Tahun 2025
1.1.12.01.01.0001,Dan Konstruksi,material_umum,Wall Pipe 200 mm,Unit,483200,2026,Kabupaten Bandung,Perbup No.55 Tahun 2025
1.1.12.01.01.0001,Dan Konstruksi,material_umum,Wall sealer,Kg,55400,2026,Kabupaten Bandung,Perbup No.55 Tahun 2025
1.1.12.01.01.0001,Dan Konstruksi,material_umum,Wallpaper,M2,33900,2026,Kabupaten Bandung,Perbup No.55 Tahun 2025
1.1.12.01.01.0001,Dan Konstruksi,material_umum,Wallpaper,M,99800,2026,Kabupaten Bandung,Perbup No.55 Tahun 2025
1.1.12.01.01.0001,Dan Konstruksi,material_umum,,Roll,180900,2026,Kabupaten Bandung,Perbup No.55 Tahun 2025
1.1.12.01.01.0001,Dan Konstruksi,material_umum,Wastafel biasa standar lengkap,Unit,1042000,2026,Kabupaten Bandung,Perbup No.55 Tahun 2025
1.1.12.01.01.0001,Dan Konstruksi,material_umum,Wastafel Lengkap,Unit,985900,2026,Kabupaten Bandung,Perbup No.55 Tahun 2025
1.1.12.01.01.0001,Dan Konstruksi,material_umum,Wastafel porselin sedang lengkap,Unit,518700,2026,Kabupaten Bandung,Perbup No.55 Tahun 2025
1.1.12.01.01.0001,Dan Konstruksi,material_umum,"Wastafel−LW 240 CJ ex Toto, Komplit kran & acc",Unit,2094800,2026,Kabupaten Bandung,Perbup No.55 Tahun 2025
1.1.12.01.01.0001,Dan Konstruksi,material_umum,Water drain + asesoris,Unit,148800,2026,Kabupaten Bandung,Perbup No.55 Tahun 2025
1.1.12.01.01.0001,Dan Konstruksi,material_umum,"Water Meter (Kuningan) Dia. 1/2 """,Buah,296200,2026,Kabupaten Bandung,Perbup No.55 Tahun 2025
1.1.12.01.01.0001,Dan Konstruksi,material_umum,Water Meter ; Dia. 1/2“ (15 mm) + Material Bantu,Buah,481500,2026,Kabupaten Bandung,Perbup No.55 Tahun 2025
1.1.12.01.01.0001,Dan Konstruksi,material_umum,Water Meter ; Dia. 1“ (25 mm) + Material Bantu,Buah,909500,2026,Kabupaten Bandung,Perbup No.55 Tahun 2025
1.1.12.01.01.0001,Dan Konstruksi,material_umum,Water Meter ; Dia. 10“ (250 mm) + Material Bantu,Buah,12305000,2026,Kabupaten Bandung,Perbup No.55 Tahun 2025
1.1.12.01.01.0001,Dan Konstruksi,material_umum,Water Meter ; Dia. 1-1/2“ (40 mm) + Material Bantu,Buah,1498000,2026,Kabupaten Bandung,Perbup No.55 Tahun 2025
1.1.12.01.01.0001,Dan Konstruksi,material_umum,Water Meter ; Dia. 12“ (300 mm) + Material Bantu,Buah,16692000,2026,Kabupaten Bandung,Perbup No.55 Tahun 2025
1.1.12.01.01.0001,Dan Konstruksi,material_umum,Water Meter ; Dia. 16“ (400 mm) + Material Bantu,Buah,18564500,2026,Kabupaten Bandung,Perbup No.55 Tahun 2025
1.1.12.01.01.0001,Dan Konstruksi,material_umum,Water Meter ; Dia. 2“ (50 mm) + Material Bantu,Buah,2086500,2026,Kabupaten Bandung,Perbup No.55 Tahun 2025
1.1.12.01.01.0001,Dan Konstruksi,material_umum,Water Meter ; Dia. 3/4“ (20 mm) + Material Bantu,Buah,588500,2026,Kabupaten Bandung,Perbup No.55 Tahun 2025
1.1.12.01.01.0001,Dan Konstruksi,material_umum,Water Meter ; Dia. 3“ (80 mm) + Material Bantu,Buah,2514500,2026,Kabupaten Bandung,Perbup No.55 Tahun 2025
1.1.12.01.01.0001,Dan Konstruksi,material_umum,Water Meter ; Dia. 4“ (100 mm) + Material Bantu,Buah,4066000,2026,Kabupaten Bandung,Perbup No.55 Tahun 2025
1.1.12.01.01.0001,Dan Konstruksi,material_umum,Water Meter ; Dia. 6“ (150 mm) + Material Bantu,Buah,4815000,2026,Kabupaten Bandung,Perbup No.55 Tahun 2025
1.1.12.01.01.0001,Dan Konstruksi,material_umum,Water Meter ; Dia. 8“ (200 mm) + Material Bantu,Buah,5562900,2026,Kabupaten Bandung,Perbup No.55 Tahun 2025
1.1.12.01.01.0001,Dan Konstruksi,material_umum,"Water Meter, 1""",Buah,1727400,2026,Kabupaten Bandung,Perbup No.55 Tahun 2025
1.1.12.01.01.0001,Dan Konstruksi,material_umum,"Water Meter, 1/2""",Buah,438700,2026,Kabupaten Bandung,Perbup No.55 Tahun 2025
1.1.12.01.01.0001,Dan Konstruksi,material_umum,"Water Meter, 1/2"" GI",Buah,383900,2026,Kabupaten Bandung,Perbup No.55 Tahun 2025
1.1.12.01.01.0001,Dan Konstruksi,material_umum,"Water Meter, 2""",Buah,1590300,2026,Kabupaten Bandung,Perbup No.55 Tahun 2025
1.1.12.01.01.0001,Dan Konstruksi,material_umum,"Water Meter, 3""",Buah,2687100,2026,Kabupaten Bandung,Perbup No.55 Tahun 2025
1.1.12.01.01.0001,Dan Konstruksi,material_umum,"Water Meter, 4""",Buah,3016100,2026,Kabupaten Bandung,Perbup No.55 Tahun 2025
1.1.12.01.01.0001,Dan Konstruksi,material_umum,"Water Meter, 6""",Buah,3948300,2026,Kabupaten Bandung,Perbup No.55 Tahun 2025
1.1.12.01.01.0001,Dan Konstruksi,material_umum,"Water Mur 1/2""",Buah,13400,2026,Kabupaten Bandung,Perbup No.55 Tahun 2025
1.1.12.01.01.0001,Dan Konstruksi,material_umum,"Water mur PVC 1""",Buah,28600,2026,Kabupaten Bandung,Perbup No.55 Tahun 2025
1.1.12.01.01.0001,Dan Konstruksi,material_umum,Water stop rubber 200 mm,M,88600,2026,Kabupaten Bandung,Perbup No.55 Tahun 2025
1.1.12.01.01.0001,Dan Konstruksi,material_umum,Water stop rubber 250 mm,M,107000,2026,Kabupaten Bandung,Perbup No.55 Tahun 2025
1.1.12.01.01.0001,Dan Konstruksi,material_umum,Water stop rubber 320 mm,M,241800,2026,Kabupaten Bandung,Perbup No.55 Tahun 2025
1.1.12.01.01.0001,Dan Konstruksi,material_umum,Waterdrain,Buah,148800,2026,Kabupaten Bandung,Perbup No.55 Tahun 2025
1.1.12.01.01.0001,Dan Konstruksi,material_umum,Waterpass,Hari,107000,2026,Kabupaten Bandung,Perbup No.55 Tahun 2025
1.1.12.01.01.0001,Dan Konstruksi,material_umum,Waterproofing Acrylic Base,Kg,64200,2026,Kabupaten Bandung,Perbup No.55 Tahun 2025
1.1.12.01.01.0001,Dan Konstruksi,material_umum,Waterproofing Cristalin,Kg,87200,2026,Kabupaten Bandung,Perbup No.55 Tahun 2025
1.1.12.01.01.0001,Dan Konstruksi,material_umum,Waterproofing Membran Bakar,M2,58900,2026,Kabupaten Bandung,Perbup No.55 Tahun 2025
1.1.12.01.01.0001,Dan Konstruksi,material_umum,Waterproofing Semen Base,Kg,17100,2026,Kabupaten Bandung,Perbup No.55 Tahun 2025
1.1.12.01.01.0001,Dan Konstruksi,material_umum,Waterstop Lebar 150mm,M,77700,2026,Kabupaten Bandung,Perbup No.55 Tahun 2025
1.1.12.01.01.0001,Dan Konstruksi,material_umum,Waterstop Lebar 200mm,M,110200,2026,Kabupaten Bandung,Perbup No.55 Tahun 2025
1.1.12.01.01.0001,Dan Konstruksi,material_umum,Waterstop Lebar 230 - 320mm,M,203700,2026,Kabupaten Bandung,Perbup No.55 Tahun 2025
1.1.12.01.01.0001,Dan Konstruksi,material_umum,Window Casement,Buah,104200,2026,Kabupaten Bandung,Perbup No.55 Tahun 2025
1.1.12.01.01.0001,Dan Konstruksi,material_umum,Wiring Management dan Aksesoris,Unit,273700,2026,Kabupaten Bandung,Perbup No.55 Tahun 2025
1.1.12.01.01.0001,Dan Konstruksi,material_umum,WLC dan Pengkabelan + Material Bantu,Buah,265400,2026,Kabupaten Bandung,Perbup No.55 Tahun 2025
1.1.12.01.01.0001,Dan Konstruksi,material_umum,Wood Filler,Kg,59300,2026,Kabupaten Bandung,Perbup No.55 Tahun 2025
1.1.12.01.01.0001,Dan Konstruksi,material_umum,Wood filler ( uk. 1 28 ),Kg,93200,2026,Kabupaten Bandung,Perbup No.55 Tahun 2025
1.1.12.01.01.0001,Dan Konstruksi,material_umum,Wood Stain,Kg,108700,2026,Kabupaten Bandung,Perbup No.55 Tahun 2025
1.1.12.01.01.0001,Dan Konstruksi,material_umum,Wood stain ( uk. 1 28 ),Kg,175500,2026,Kabupaten Bandung,Perbup No.55 Tahun 2025
1.1.12.01.01.0001,Dan Konstruksi,material_umum,Woodstain,Kg,99500,2026,Kabupaten Bandung,Perbup No.55 Tahun 2025
1.1.12.01.01.0001,Dan Konstruksi,material_umum,Zat Aditif,Kg,51400,2026,Kabupaten Bandung,Perbup No.55 Tahun 2025
1.1.12.01.01.0001,Dan Konstruksi,material_umum,Zet Whoser,Buah,153000,2026,Kabupaten Bandung,Perbup No.55 Tahun 2025
1.1.12.01.01.0001,Dan Konstruksi,material_umum,Zinc Calume,Lembar,436600,2026,Kabupaten Bandung,Perbup No.55 Tahun 2025
1.1.12.01.01.0001,Baja,struktur,Baja Profil,Kg,19200,2026,Kabupaten Bandung,Perbup No.55 Tahun 2025
1.1.12.01.01.0001,Baja,struktur,Baja Ringan 75.100 Tebal 1mm,M,153500,2026,Kabupaten Bandung,Perbup No.55 Tahun 2025
1.1.12.01.01.0001,Baja,struktur,Baja Ringan Canai Dingin C75,Batang,153000,2026,Kabupaten Bandung,Perbup No.55 Tahun 2025
1.1.12.01.01.0001,Baja,struktur,Baja Ringan Canai Dingin C75,Kg,204000,2026,Kabupaten Bandung,Perbup No.55 Tahun 2025
1.1.12.01.01.0001,Baja,struktur,Baja Strip 0.2x2cm,Kg,18200,2026,Kabupaten Bandung,Perbup No.55 Tahun 2025
1.1.12.01.01.0001,Baja,struktur,Baja Strip 0.2x2cm,M,18200,2026,Kabupaten Bandung,Perbup No.55 Tahun 2025
1.1.12.01.01.0001,Baja,struktur,Baja Tulangan,Kg,14100,2026,Kabupaten Bandung,Perbup No.55 Tahun 2025
1.1.12.01.01.0001,Baja,struktur,Baja Tulangan Polos (BjTP),Kg,15500,2026,Kabupaten Bandung,Perbup No.55 Tahun 2025
1.1.12.01.01.0001,Baja,struktur,Baja Tulangan Sirip (BjTS),Kg,17100,2026,Kabupaten Bandung,Perbup No.55 Tahun 2025
1.1.12.01.01.0001,Baja,struktur,Kaso Baja Ringan C75 Tebal 0.75mm,M1,15000,2026,Kabupaten Bandung,Perbup No.55 Tahun 2025
1.1.12.01.01.0001,Baja,struktur,Polos U 24,Kg,15400,2026,Kabupaten Bandung,Perbup No.55 Tahun 2025
1.1.12.01.01.0001,Baja,struktur,Polos U-30 - 32,Kg,15100,2026,Kabupaten Bandung,Perbup No.55 Tahun 2025
1.1.12.01.01.0001,Baja,struktur,Reng Baja Ringan R.32 Tebal 0.45mm,M1,12000,2026,Kabupaten Bandung,Perbup No.55 Tahun 2025
1.1.12.01.01.0001,Baja,struktur,Ringan 0.65,Batang,96800,2026,Kabupaten Bandung,Perbup No.55 Tahun 2025
1.1.12.01.01.0001,Baja,struktur,Ringan 0.7,Batang,120700,2026,Kabupaten Bandung,Perbup No.55 Tahun 2025
1.1.12.01.01.0001,Baja,struktur,Ringan 0.75,Batang,109700,2026,Kabupaten Bandung,Perbup No.55 Tahun 2025
1.1.12.01.01.0001,Baja,struktur,Ringan 1,Batang,153500,2026,Kabupaten Bandung,Perbup No.55 Tahun 2025
1.1.12.01.01.0001,Baja,struktur,Teralis ( Teralis Jendela 150x40 Cm ),Unit,383900,2026,Kabupaten Bandung,Perbup No.55 Tahun 2025
1.1.12.01.01.0001,Baja,struktur,"Tulangan U-24, Polos",Kg,13200,2026,Kabupaten Bandung,Perbup No.55 Tahun 2025
1.1.12.01.01.0001,Baja,struktur,Tulangan U30 Ulir,Kg,15900,2026,Kabupaten Bandung,Perbup No.55 Tahun 2025
1.1.12.01.01.0001,Baja,struktur,Tulangan U32 Ulir,Kg,19200,2026,Kabupaten Bandung,Perbup No.55 Tahun 2025
1.1.12.01.01.0001,Baja,struktur,"Tulangan U-32, Polos",Kg,12600,2026,Kabupaten Bandung,Perbup No.55 Tahun 2025
1.1.12.01.01.0001,Baja,struktur,Tulangan U35 Ulir,Kg,15500,2026,Kabupaten Bandung,Perbup No.55 Tahun 2025
1.1.12.01.01.0001,Baja,struktur,Tulangan U39,Kg,13800,2026,Kabupaten Bandung,Perbup No.55 Tahun 2025
1.1.12.01.01.0001,Baja,struktur,Tulangan U39 Ulir,Kg,13800,2026,Kabupaten Bandung,Perbup No.55 Tahun 2025
1.1.12.01.01.0001,Baja,struktur,Tulangan U40 Ulir,Kg,15500,2026,Kabupaten Bandung,Perbup No.55 Tahun 2025
1.1.12.01.01.0001,Baja,struktur,Tulangan U42 Ulir,Kg,13900,2026,Kabupaten Bandung,Perbup No.55 Tahun 2025
1.1.12.01.01.0001,Baja,struktur,Tulangan U48 Ulir,Kg,13300,2026,Kabupaten Bandung,Perbup No.55 Tahun 2025
1.1.12.01.01.0001,Batu,pasangan,Abu Batu,M3,362000,2026,Kabupaten Bandung,Perbup No.55 Tahun 2025
1.1.12.01.01.0001,Batu,pasangan,Abu Batu (Screening),M3,391700,2026,Kabupaten Bandung,Perbup No.55 Tahun 2025
1.1.12.01.01.0001,Batu,pasangan,Aggregat Penutup,Kg,47900,2026,Kabupaten Bandung,Perbup No.55 Tahun 2025
1.1.12.01.01.0001,Batu,pasangan,Agregat Halus LPA,M3,378400,2026,Kabupaten Bandung,Perbup No.55 Tahun 2025
1.1.12.01.01.0001,Batu,pasangan,Agregat Kasar,M3,416800,2026,Kabupaten Bandung,Perbup No.55 Tahun 2025
1.1.12.01.01.0001,Batu,pasangan,Agregat Kasar Uk. 38mm,Kg,300,2026,Kabupaten Bandung,Perbup No.55 Tahun 2025
1.1.12.01.01.0001,Batu,pasangan,Agregat Kasar Uk. 38mm,M3,416800,2026,Kabupaten Bandung,Perbup No.55 Tahun 2025
1.1.12.01.01.0001,Batu,pasangan,Agregat Kelas C,M3,145400,2026,Kabupaten Bandung,Perbup No.55 Tahun 2025
1.1.12.01.01.0001,Batu,pasangan,Agregat Kelas S,M3,288900,2026,Kabupaten Bandung,Perbup No.55 Tahun 2025
1.1.12.01.01.0001,Batu,pasangan,Agregat Pecah Mesin 5-10 & 10-20 mm,M3,398100,2026,Kabupaten Bandung,Perbup No.55 Tahun 2025
1.1.12.01.01.0001,Batu,pasangan,Agregat Pengunci,M3,62500,2026,Kabupaten Bandung,Perbup No.55 Tahun 2025
1.1.12.01.01.0001,Batu,pasangan,Agregat Pokok,M3,416800,2026,Kabupaten Bandung,Perbup No.55 Tahun 2025
1.1.12.01.01.0001,Batu,pasangan,Base Course B,M3,142600,2026,Kabupaten Bandung,Perbup No.55 Tahun 2025
1.1.12.01.01.0001,Batu,pasangan,Bata Beton Ringan Hebel,M3,852100,2026,Kabupaten Bandung,Perbup No.55 Tahun 2025
1.1.12.01.01.0001,Batu,pasangan,"Bata Ekspose Halus (Uk.24x6x1,5 Cm )",Buah,2200,2026,Kabupaten Bandung,Perbup No.55 Tahun 2025
1.1.12.01.01.0001,Batu,pasangan,"Bata Ekspose Halus (Uk.24x7x1,5 Cm )",Buah,3300,2026,Kabupaten Bandung,Perbup No.55 Tahun 2025
1.1.12.01.01.0001,Batu,pasangan,"Bata Ekspose Rata Kasar (Uk.24x6x1,5 Cm )",Buah,2500,2026,Kabupaten Bandung,Perbup No.55 Tahun 2025
1.1.12.01.01.0001,Batu,pasangan,"Bata Ekspose Rata Kasar (Uk.24x7x1,5 Cm )",Buah,2800,2026,Kabupaten Bandung,Perbup No.55 Tahun 2025
1.1.12.01.01.0001,Batu,pasangan,Bata Merah,Buah,1000,2026,Kabupaten Bandung,Perbup No.55 Tahun 2025
1.1.12.01.01.0001,Batu,pasangan,Bata Merah,M3,963000,2026,Kabupaten Bandung,Perbup No.55 Tahun 2025
1.1.12.01.01.0001,Batu,pasangan,Bata Merah Bakar Kelas I,Buah,1000,2026,Kabupaten Bandung,Perbup No.55 Tahun 2025
1.1.12.01.01.0001,Batu,pasangan,Bata Merah Bakar Kelas II,Buah,900,2026,Kabupaten Bandung,Perbup No.55 Tahun 2025
1.1.12.01.01.0001,Batu,pasangan,Bata merah berongga,Buah,12100,2026,Kabupaten Bandung,Perbup No.55 Tahun 2025
1.1.12.01.01.0001,Batu,pasangan,Bata Pelapis,Buah,1900,2026,Kabupaten Bandung,Perbup No.55 Tahun 2025
1.1.12.01.01.0001,Batu,pasangan,Bata Ringan Tebal 10cm,Buah,12100,2026,Kabupaten Bandung,Perbup No.55 Tahun 2025
1.1.12.01.01.0001,Batu,pasangan,Bata Ringan Tebal 20cm,Buah,11000,2026,Kabupaten Bandung,Perbup No.55 Tahun 2025
1.1.12.01.01.0001,Batu,pasangan,Bata Ringan Tebal 7.5cm,Buah,8800,2026,Kabupaten Bandung,Perbup No.55 Tahun 2025
1.1.12.01.01.0001,Batu,pasangan,Bata ringan uk.60x20x10,Buah,12100,2026,Kabupaten Bandung,Perbup No.55 Tahun 2025
1.1.12.01.01.0001,Batu,pasangan,Bata ringan uk.60x20x15,Buah,11000,2026,Kabupaten Bandung,Perbup No.55 Tahun 2025
1.1.12.01.01.0001,Batu,pasangan,"Bata ringan uk.60x20x7,5",Buah,8800,2026,Kabupaten Bandung,Perbup No.55 Tahun 2025
1.1.12.01.01.0001,Batu,pasangan,Bata Rooster,Buah,2800,2026,Kabupaten Bandung,Perbup No.55 Tahun 2025
1.1.12.01.01.0001,Batu,pasangan,Batako,Buah,2100,2026,Kabupaten Bandung,Perbup No.55 Tahun 2025
1.1.12.01.01.0001,Batu,pasangan,Batu Belah,M3,411300,2026,Kabupaten Bandung,Perbup No.55 Tahun 2025
1.1.12.01.01.0001,Batu,pasangan,Batu belah pondasi,M3,411300,2026,Kabupaten Bandung,Perbup No.55 Tahun 2025
1.1.12.01.01.0001,Batu,pasangan,Batu Grafir Motif Daun Kina,Buah,330600,2026,Kabupaten Bandung,Perbup No.55 Tahun 2025
1.1.12.01.01.0001,Batu,pasangan,Batu Gurinda,Buah,43900,2026,Kabupaten Bandung,Perbup No.55 Tahun 2025
1.1.12.01.01.0001,Batu,pasangan,Batu Kerikil Uk. 2-3cm,M3,389000,2026,Kabupaten Bandung,Perbup No.55 Tahun 2025
1.1.12.01.01.0001,Batu,pasangan,Batu Paras,M2,735600,2026,Kabupaten Bandung,Perbup No.55 Tahun 2025
1.1.12.01.01.0001,Batu,pasangan,"Batu Pecah - 0,5 - 1 Cm",M3,312500,2026,Kabupaten Bandung,Perbup No.55 Tahun 2025
1.1.12.01.01.0001,Batu,pasangan,Batu Pecah - 1 - 2 Cm,M3,395400,2026,Kabupaten Bandung,Perbup No.55 Tahun 2025
1.1.12.01.01.0001,Batu,pasangan,Batu Pecah - 10 - 15 Cm,M3,344400,2026,Kabupaten Bandung,Perbup No.55 Tahun 2025
1.1.12.01.01.0001,Batu,pasangan,Batu Pecah - 15 - 20 Cm,M3,329000,2026,Kabupaten Bandung,Perbup No.55 Tahun 2025
1.1.12.01.01.0001,Batu,pasangan,Batu Pecah - 2 - 3 Cm,M3,411300,2026,Kabupaten Bandung,Perbup No.55 Tahun 2025
1.1.12.01.01.0001,Batu,pasangan,Batu Pecah - 3 - 5 Cm,M3,318100,2026,Kabupaten Bandung,Perbup No.55 Tahun 2025
1.1.12.01.01.0001,Batu,pasangan,Batu Pecah - 5 - 7 Cm,M3,209500,2026,Kabupaten Bandung,Perbup No.55 Tahun 2025
1.1.12.01.01.0001,Batu,pasangan,Batu Pecah - 7 - 10 Cm,M3,301600,2026,Kabupaten Bandung,Perbup No.55 Tahun 2025
1.1.12.01.01.0001,Batu,pasangan,Batu Pecah - Koral 1/2,M3,449000,2026,Kabupaten Bandung,Perbup No.55 Tahun 2025
1.1.12.01.01.0001,Batu,pasangan,Batu Pecah - Koral 2/3,M3,301600,2026,Kabupaten Bandung,Perbup No.55 Tahun 2025
1.1.12.01.01.0001,Batu,pasangan,Batu Pecah - Koral 3/5,M3,329000,2026,Kabupaten Bandung,Perbup No.55 Tahun 2025
1.1.12.01.01.0001,Batu,pasangan,Batu tempel,M2,120700,2026,Kabupaten Bandung,Perbup No.55 Tahun 2025
1.1.12.01.01.0001,Batu,pasangan,Batu Tempel Hitam,M2,120700,2026,Kabupaten Bandung,Perbup No.55 Tahun 2025
1.1.12.01.01.0001,Batu,pasangan,Batu Uk. 12 - 25cm,M3,465000,2026,Kabupaten Bandung,Perbup No.55 Tahun 2025
1.1.12.01.01.0001,Batu,pasangan,Kerikil,M3,301600,2026,Kabupaten Bandung,Perbup No.55 Tahun 2025
1.1.12.01.01.0001,Batu,pasangan,Kerikil (Maks 19mm),Kg,300,2026,Kabupaten Bandung,Perbup No.55 Tahun 2025
1.1.12.01.01.0001,Batu,pasangan,Kerikil (Maks 19mm),M3,301600,2026,Kabupaten Bandung,Perbup No.55 Tahun 2025
1.1.12.01.01.0001,Batu,pasangan,Kerikil (Maks 30mm),Kg,400,2026,Kabupaten Bandung,Perbup No.55 Tahun 2025
1.1.12.01.01.0001,Batu,pasangan,Kerikil (Maks 30mm),M3,377000,2026,Kabupaten Bandung,Perbup No.55 Tahun 2025
1.1.12.01.01.0001,Batu,pasangan,Makadam (Batu Pecah),M3,318100,2026,Kabupaten Bandung,Perbup No.55 Tahun 2025
1.1.12.01.01.0001,Batu,pasangan,Material Agregat Kelas A,M3,360400,2026,Kabupaten Bandung,Perbup No.55 Tahun 2025
1.1.12.01.01.0001,Batu,pasangan,Material Agregat Kelas B,M3,230900,2026,Kabupaten Bandung,Perbup No.55 Tahun 2025
1.1.12.01.01.0001,Batu,pasangan,Material Lpa - Material Lpa Klas A,M3,628500,2026,Kabupaten Bandung,Perbup No.55 Tahun 2025
1.1.12.01.01.0001,Batu,pasangan,Material Lpa - Material Lpa Klas B,M3,316500,2026,Kabupaten Bandung,Perbup No.55 Tahun 2025
1.1.12.01.01.0001,Batu,pasangan,Material Lpa - Material Lpa Klas C,M3,570300,2026,Kabupaten Bandung,Perbup No.55 Tahun 2025
1.1.12.01.01.0001,Batu,pasangan,Material Lpb - Material Lpb Klas B,M3,438700,2026,Kabupaten Bandung,Perbup No.55 Tahun 2025
1.1.12.01.01.0001,Besi,struktur,Angkur,Kg,30000,2026,Kabupaten Bandung,Perbup No.55 Tahun 2025
1.1.12.01.01.0001,Besi,struktur,Angkur Baja Full Drat ASTM 307 Ø 10mm Panjang 35cm,Buah,23000,2026,Kabupaten Bandung,Perbup No.55 Tahun 2025
1.1.12.01.01.0001,Besi,struktur,Angkur Baja Full Drat ASTM 307 Ø 10mm Panjang 65cm,Buah,43500,2026,Kabupaten Bandung,Perbup No.55 Tahun 2025
1.1.12.01.01.0001,Besi,struktur,Besi Angker Diameter 8,Kg,53500,2026,Kabupaten Bandung,Perbup No.55 Tahun 2025
1.1.12.01.01.0001,Besi,struktur,Besi Angkur,Kg,19200,2026,Kabupaten Bandung,Perbup No.55 Tahun 2025
1.1.12.01.01.0001,Besi,struktur,Besi Angkur Dia=16mm Pjg=50cm,Buah,91000,2026,Kabupaten Bandung,Perbup No.55 Tahun 2025
1.1.12.01.01.0001,Besi,struktur,Besi Baja Profil Siku,Kg,19200,2026,Kabupaten Bandung,Perbup No.55 Tahun 2025
1.1.12.01.01.0001,Besi,struktur,Besi baja WF Ex. Dalam Negeri,Kg,17500,2026,Kabupaten Bandung,Perbup No.55 Tahun 2025
1.1.12.01.01.0001,Besi,struktur,Besi Hollow,Batang,137100,2026,Kabupaten Bandung,Perbup No.55 Tahun 2025
1.1.12.01.01.0001,Besi,struktur,Besi Hollow 30x60mm,M1,30000,2026,Kabupaten Bandung,Perbup No.55 Tahun 2025
1.1.12.01.01.0001,Besi,struktur,Besi Hollow 50x50x3mm,Kg,448200,2026,Kabupaten Bandung,Perbup No.55 Tahun 2025
1.1.12.01.01.0001,Besi,struktur,Besi Holo (4 x 4 x 600),Batang,169900,2026,Kabupaten Bandung,Perbup No.55 Tahun 2025
1.1.12.01.01.0001,Besi,struktur,Besi Kanal CNP / Lip Chanel,Kg,17100,2026,Kabupaten Bandung,Perbup No.55 Tahun 2025
1.1.12.01.01.0001,Besi,struktur,Besi Kotak/Nako (1/1 x 400),Batang,22500,2026,Kabupaten Bandung,Perbup No.55 Tahun 2025
1.1.12.01.01.0001,Besi,struktur,"Besi Plat (0,6 x 10 x 10)",Lembar,17000,2026,Kabupaten Bandung,Perbup No.55 Tahun 2025
1.1.12.01.01.0001,Besi,struktur,"Besi Plat (0,6 x 10 x 15)",Lembar,20300,2026,Kabupaten Bandung,Perbup No.55 Tahun 2025
1.1.12.01.01.0001,Besi,struktur,"Besi Plat (0,6 x 10 x 5)",Lembar,12100,2026,Kabupaten Bandung,Perbup No.55 Tahun 2025
1.1.12.01.01.0001,Besi,struktur,Besi Plat rata2 - KS,Kg,14200,2026,Kabupaten Bandung,Perbup No.55 Tahun 2025
1.1.12.01.01.0001,Besi,struktur,Besi Siku,Batang,162300,2026,Kabupaten Bandung,Perbup No.55 Tahun 2025
1.1.12.01.01.0001,Besi,struktur,Besi Siku 40.40,M,14100,2026,Kabupaten Bandung,Perbup No.55 Tahun 2025
1.1.12.01.01.0001,Besi,struktur,Besi Siku 40.40.4,Kg,35900,2026,Kabupaten Bandung,Perbup No.55 Tahun 2025
1.1.12.01.01.0001,Besi,struktur,Besi Siku L 30.30.3,Kg,28900,2026,Kabupaten Bandung,Perbup No.55 Tahun 2025
1.1.12.01.01.0001,Besi,struktur,Besi Siku L 40.40.4,Kg,35900,2026,Kabupaten Bandung,Perbup No.55 Tahun 2025
1.1.12.01.01.0001,Besi,struktur,Besi Strip,M,39500,2026,Kabupaten Bandung,Perbup No.55 Tahun 2025
1.1.12.01.01.0001,Besi,struktur,Besi Strip,Kg,180400,2026,Kabupaten Bandung,Perbup No.55 Tahun 2025
1.1.12.01.01.0001,Besi,struktur,"Besi Strip (0,2 x 2,5 x 400)",Batang,39500,2026,Kabupaten Bandung,Perbup No.55 Tahun 2025
1.1.12.01.01.0001,Besi,struktur,Besi Strip Tebal 5mm,Kg,42800,2026,Kabupaten Bandung,Perbup No.55 Tahun 2025
1.1.12.01.01.0001,Besi,struktur,Besi Tempa,M2,314200,2026,Kabupaten Bandung,Perbup No.55 Tahun 2025
1.1.12.01.01.0001,Besi,struktur,Wf 150 X 75 X 5 X 7 Mm,Kg,17000,2026,Kabupaten Bandung,Perbup No.55 Tahun 2025
1.1.12.01.01.0001,Besi,struktur,"Wf 200 X 100 X 5,5 X 8 Mm",Kg,18100,2026,Kabupaten Bandung,Perbup No.55 Tahun 2025
1.1.12.01.01.0001,Besi,struktur,Wf 250 X 125 X 6 X 9 Mm,Kg,18700,2026,Kabupaten Bandung,Perbup No.55 Tahun 2025
1.1.12.01.01.0001,Besi,struktur,"Wf 300 X 150 X 6,5 X 9 Mm",Kg,19800,2026,Kabupaten Bandung,Perbup No.55 Tahun 2025
1.1.12.01.01.0001,Besi,struktur,Wf 400 X 200 X 8 X 13 Mm,Kg,21500,2026,Kabupaten Bandung,Perbup No.55 Tahun 2025
1.1.12.01.01.0001,Besi,struktur,Wf 500 X 200 X 10 X 16 Mm,Kg,21700,2026,Kabupaten Bandung,Perbup No.55 Tahun 2025
1.1.12.01.01.0001,Besi,struktur,Wf 600 X 200 X 11 X 17 Mm,Kg,23300,2026,Kabupaten Bandung,Perbup No.55 Tahun 2025
1.1.12.01.01.0001,Besi,struktur,Wf 700 X 300 X 13 X 24 Mm,Kg,33100,2026,Kabupaten Bandung,Perbup No.55 Tahun 2025
1.1.12.01.01.0001,Besi,struktur,Wf 800 X 300 X 14 X 26 Mm,Kg,33100,2026,Kabupaten Bandung,Perbup No.55 Tahun 2025
1.1.12.01.01.0001,Besi,struktur,Wf 900 X 300 X 16 X 28 Mm,Kg,33100,2026,Kabupaten Bandung,Perbup No.55 Tahun 2025
1.1.12.01.01.0001,Besi,struktur,Wiremesh - Polos,Kg,12600,2026,Kabupaten Bandung,Perbup No.55 Tahun 2025
1.1.12.01.01.0001,Besi,struktur,Wiremesh (540x210) - Wiremesh 10,Lembar,1042000,2026,Kabupaten Bandung,Perbup No.55 Tahun 2025
1.1.12.01.01.0001,Besi,struktur,Wiremesh (540x210) - Wiremesh 6,Lembar,395400,2026,Kabupaten Bandung,Perbup No.55 Tahun 2025
1.1.12.01.01.0001,Besi,struktur,Wiremesh (540x210) - Wiremesh 8,Lembar,642100,2026,Kabupaten Bandung,Perbup No.55 Tahun 2025
1.1.12.01.01.0001,Besi,struktur,Wiremesh M10,Kg,18000,2026,Kabupaten Bandung,Perbup No.55 Tahun 2025
1.1.12.01.01.0001,Besi,struktur,Wiremesh M6,Kg,13400,2026,Kabupaten Bandung,Perbup No.55 Tahun 2025
1.1.12.01.01.0001,Besi,struktur,Wiremesh M7,Kg,14500,2026,Kabupaten Bandung,Perbup No.55 Tahun 2025
1.1.12.01.01.0001,Besi,struktur,Wiremesh M8,Kg,15600,2026,Kabupaten Bandung,Perbup No.55 Tahun 2025
1.1.12.01.01.0001,Besi,struktur,Wiremesh M9,Kg,16700,2026,Kabupaten Bandung,Perbup No.55 Tahun 2025
1.1.12.01.01.0001,Besi,struktur,Wiremesh Polos M10,Lembar,1420300,2026,Kabupaten Bandung,Perbup No.55 Tahun 2025
1.1.12.01.01.0001,Besi,struktur,Wiremesh Polos M4,Lembar,289500,2026,Kabupaten Bandung,Perbup No.55 Tahun 2025
1.1.12.01.01.0001,Besi,struktur,Wiremesh Polos M5,Lembar,263300,2026,Kabupaten Bandung,Perbup No.55 Tahun 2025
1.1.12.01.01.0001,Besi,struktur,Wiremesh Polos M6,Lembar,469200,2026,Kabupaten Bandung,Perbup No.55 Tahun 2025
1.1.12.01.01.0001,Besi,struktur,Wiremesh Polos M7,Lembar,451900,2026,Kabupaten Bandung,Perbup No.55 Tahun 2025
1.1.12.01.01.0001,Besi,struktur,Wiremesh Polos M8a,Lembar,510800,2026,Kabupaten Bandung,Perbup No.55 Tahun 2025
1.1.12.01.01.0001,Besi,struktur,Wiremesh Polos M8b,Lembar,567800,2026,Kabupaten Bandung,Perbup No.55 Tahun 2025
1.1.12.01.01.0001,Besi,struktur,Wiremesh Polos M8c,Lembar,538200,2026,Kabupaten Bandung,Perbup No.55 Tahun 2025
1.1.12.01.01.0001,Besi,struktur,Wiremesh Ulir,Kg,13800,2026,Kabupaten Bandung,Perbup No.55 Tahun 2025
1.1.12.01.01.0001,Besi,struktur,Wiremesh Ulir M10,Lembar,981600,2026,Kabupaten Bandung,Perbup No.55 Tahun 2025
1.1.12.01.01.0001,Besi,struktur,Wiremesh Ulir M12,Lembar,1908300,2026,Kabupaten Bandung,Perbup No.55 Tahun 2025
1.1.12.01.01.0001,Besi,struktur,Wiremesh Ulir M5,Lembar,343300,2026,Kabupaten Bandung,Perbup No.55 Tahun 2025
1.1.12.01.01.0001,Besi,struktur,Wiremesh Ulir M6,Lembar,469200,2026,Kabupaten Bandung,Perbup No.55 Tahun 2025
1.1.12.01.01.0001,Besi,struktur,Wiremesh Ulir M7,Lembar,488500,2026,Kabupaten Bandung,Perbup No.55 Tahun 2025
1.1.12.01.01.0001,Besi,struktur,Wiremesh Ulir M8,Lembar,712900,2026,Kabupaten Bandung,Perbup No.55 Tahun 2025
1.1.12.01.01.0001,Besi,struktur,Wiremesh Ulir M9,Lembar,1074800,2026,Kabupaten Bandung,Perbup No.55 Tahun 2025
1.1.12.01.01.0001,Besi Beton,lainnya,Polos Diameter 10 mm,Batang,82300,2026,Kabupaten Bandung,Perbup No.55 Tahun 2025
1.1.12.01.01.0001,Besi Beton,lainnya,Polos Diameter 12 mm,Batang,128400,2026,Kabupaten Bandung,Perbup No.55 Tahun 2025
1.1.12.01.01.0001,Besi Beton,lainnya,Polos Diameter 16 mm,Batang,276400,2026,Kabupaten Bandung,Perbup No.55 Tahun 2025
1.1.12.01.01.0001,Besi Beton,lainnya,Polos Diameter 19 mm,Batang,389400,2026,Kabupaten Bandung,Perbup No.55 Tahun 2025
1.1.12.01.01.0001,Besi Beton,lainnya,Polos Diameter 22 mm,Batang,470700,2026,Kabupaten Bandung,Perbup No.55 Tahun 2025
1.1.12.01.01.0001,Besi Beton,lainnya,Polos Diameter 25 mm,Batang,686400,2026,Kabupaten Bandung,Perbup No.55 Tahun 2025
1.1.12.01.01.0001,Besi Beton,lainnya,Polos Diameter 6 mm,Batang,37900,2026,Kabupaten Bandung,Perbup No.55 Tahun 2025
1.1.12.01.01.0001,Besi Beton,lainnya,Polos Diameter 8 mm,Batang,65500,2026,Kabupaten Bandung,Perbup No.55 Tahun 2025
1.1.12.01.01.0001,Besi Beton,lainnya,U 32 (Ulir),Kg,12600,2026,Kabupaten Bandung,Perbup No.55 Tahun 2025
1.1.12.01.01.0001,Besi Beton,lainnya,U-24,Kg,13400,2026,Kabupaten Bandung,Perbup No.55 Tahun 2025
1.1.12.01.01.0001,Besi Beton,lainnya,U-39,Kg,15400,2026,Kabupaten Bandung,Perbup No.55 Tahun 2025
1.1.12.01.01.0001,Besi Beton,lainnya,Ulir Diameter 10 mm,Batang,101400,2026,Kabupaten Bandung,Perbup No.55 Tahun 2025
1.1.12.01.01.0001,Besi Beton,lainnya,Ulir Diameter 12 mm,Batang,149200,2026,Kabupaten Bandung,Perbup No.55 Tahun 2025
1.1.12.01.01.0001,Besi Beton,lainnya,Ulir Diameter 16 mm,Batang,257800,2026,Kabupaten Bandung,Perbup No.55 Tahun 2025
1.1.12.01.01.0001,Besi Beton,lainnya,Ulir Diameter 19 mm,Batang,394800,2026,Kabupaten Bandung,Perbup No.55 Tahun 2025
1.1.12.01.01.0001,Besi Beton,lainnya,Ulir Diameter 22 mm,Batang,496800,2026,Kabupaten Bandung,Perbup No.55 Tahun 2025
1.1.12.01.01.0001,Besi Beton,lainnya,Ulir Diameter 25 mm,Batang,598000,2026,Kabupaten Bandung,Perbup No.55 Tahun 2025
1.1.12.01.01.0001,Beton,struktur,K-300,M3,1691600,2026,Kabupaten Bandung,Perbup No.55 Tahun 2025
1.1.12.01.01.0001,Beton,struktur,Material Beton K125 (Ready Mix),M3,1239400,2026,Kabupaten Bandung,Perbup No.55 Tahun 2025
1.1.12.01.01.0001,Beton,struktur,Panel Beton Pracetak,Lembar,175500,2026,Kabupaten Bandung,Perbup No.55 Tahun 2025
1.1.12.01.01.0001,Beton,struktur,"Pekerjaan Beton K 100 - f'c 7,4 Mpa LANTAI KERJA / m³",M3,1408000,2026,Kabupaten Bandung,Perbup No.55 Tahun 2025
1.1.12.01.01.0001,Beton,struktur,Pori ( Porous ) Warna T=10 Cm,M2,797200,2026,Kabupaten Bandung,Perbup No.55 Tahun 2025
1.1.12.01.01.0001,Beton,struktur,Pori ( Porous ) Warna T=12 Cm,M2,957700,2026,Kabupaten Bandung,Perbup No.55 Tahun 2025
1.1.12.01.01.0001,Beton,struktur,Pori ( Porous ) Warna T=6 Cm,M2,479400,2026,Kabupaten Bandung,Perbup No.55 Tahun 2025
1.1.12.01.01.0001,Beton,struktur,Pori ( Porous ) Warna T=8 Cm,M2,638800,2026,Kabupaten Bandung,Perbup No.55 Tahun 2025
1.1.12.01.01.0001,Beton,struktur,Ready Mixed,M3,856000,2026,Kabupaten Bandung,Perbup No.55 Tahun 2025
1.1.12.01.01.0001,Beton,struktur,Ready Mixed - K 125 ( FA ),M3,871900,2026,Kabupaten Bandung,Perbup No.55 Tahun 2025
1.1.12.01.01.0001,Beton,struktur,Ready Mixed - K 125 ( NFA ),M3,906000,2026,Kabupaten Bandung,Perbup No.55 Tahun 2025
1.1.12.01.01.0001,Beton,struktur,Ready Mixed - K 150 ( FA ),M3,811600,2026,Kabupaten Bandung,Perbup No.55 Tahun 2025
1.1.12.01.01.0001,Beton,struktur,Ready Mixed - K 150 ( NFA ),M3,893900,2026,Kabupaten Bandung,Perbup No.55 Tahun 2025
1.1.12.01.01.0001,Beton,struktur,Ready Mixed - K 175 ( FA ),M3,866500,2026,Kabupaten Bandung,Perbup No.55 Tahun 2025
1.1.12.01.01.0001,Beton,struktur,Ready Mixed - K 175 ( NFA ),M3,937700,2026,Kabupaten Bandung,Perbup No.55 Tahun 2025
1.1.12.01.01.0001,Beton,struktur,Ready Mixed - K 200 ( FA ),M3,866500,2026,Kabupaten Bandung,Perbup No.55 Tahun 2025
1.1.12.01.01.0001,Beton,struktur,Ready Mixed - K 200 ( NFA ),M3,921300,2026,Kabupaten Bandung,Perbup No.55 Tahun 2025
1.1.12.01.01.0001,Beton,struktur,Ready Mixed - K 225 ( FA ),M3,888400,2026,Kabupaten Bandung,Perbup No.55 Tahun 2025
1.1.12.01.01.0001,Beton,struktur,Ready Mixed - K 225 ( NFA ),M3,921300,2026,Kabupaten Bandung,Perbup No.55 Tahun 2025
1.1.12.01.01.0001,Beton,struktur,Ready Mixed - K 250 ( FA ),M3,904800,2026,Kabupaten Bandung,Perbup No.55 Tahun 2025
1.1.12.01.01.0001,Beton,struktur,Ready Mixed - K 250 ( NFA ),M3,937700,2026,Kabupaten Bandung,Perbup No.55 Tahun 2025
1.1.12.01.01.0001,Beton,struktur,Ready Mixed - K 275 ( FA ),M3,932300,2026,Kabupaten Bandung,Perbup No.55 Tahun 2025
1.1.12.01.01.0001,Beton,struktur,Ready Mixed - K 275 ( NFA ),M3,992500,2026,Kabupaten Bandung,Perbup No.55 Tahun 2025
1.1.12.01.01.0001,Beton,struktur,Ready Mixed - K 300 ( FA ),M3,948700,2026,Kabupaten Bandung,Perbup No.55 Tahun 2025
1.1.12.01.01.0001,Beton,struktur,Ready Mixed - K 300 ( NFA ),M3,1020000,2026,Kabupaten Bandung,Perbup No.55 Tahun 2025
1.1.12.01.01.0001,Beton,struktur,Ready Mixed - K 325 ( FA ),M3,1014500,2026,Kabupaten Bandung,Perbup No.55 Tahun 2025
1.1.12.01.01.0001,Beton,struktur,Ready Mixed - K 325 ( NFA ),M3,1047400,2026,Kabupaten Bandung,Perbup No.55 Tahun 2025
1.1.12.01.01.0001,Beton,struktur,Ready Mixed - K 350 ( FA ),M3,998100,2026,Kabupaten Bandung,Perbup No.55 Tahun 2025
1.1.12.01.01.0001,Beton,struktur,Ready Mixed - K 350 ( NFA ),M3,1058300,2026,Kabupaten Bandung,Perbup No.55 Tahun 2025
1.1.12.01.01.0001,Beton,struktur,Ready Mixed - K 375 ( FA ),M3,1063900,2026,Kabupaten Bandung,Perbup No.55 Tahun 2025
1.1.12.01.01.0001,Beton,struktur,Ready Mixed - K 375 ( NFA ),M3,1096800,2026,Kabupaten Bandung,Perbup No.55 Tahun 2025
1.1.12.01.01.0001,Beton,struktur,Ready Mixed - K 400 ( FA ),M3,1069400,2026,Kabupaten Bandung,Perbup No.55 Tahun 2025
1.1.12.01.01.0001,Beton,struktur,Ready Mixed - K 400 ( NFA ),M3,1151600,2026,Kabupaten Bandung,Perbup No.55 Tahun 2025
1.1.12.01.01.0001,Beton,struktur,Ready Mixed - K 425 ( FA ),M3,1080300,2026,Kabupaten Bandung,Perbup No.55 Tahun 2025
1.1.12.01.01.0001,Beton,struktur,Ready Mixed - K 425 ( NFA ),M3,1091300,2026,Kabupaten Bandung,Perbup No.55 Tahun 2025
1.1.12.01.01.0001,Beton,struktur,Ready Mixed - K 450 ( FA ),M3,1091300,2026,Kabupaten Bandung,Perbup No.55 Tahun 2025
1.1.12.01.01.0001,Beton,struktur,Ready Mixed - K 450 ( NFA ),M3,1151600,2026,Kabupaten Bandung,Perbup No.55 Tahun 2025
1.1.12.01.01.0001,Beton,struktur,Ready Mixed - K 475 ( FA ),M3,1063900,2026,Kabupaten Bandung,Perbup No.55 Tahun 2025
1.1.12.01.01.0001,Beton,struktur,Ready Mixed - K 475 ( NFA ),M3,1096800,2026,Kabupaten Bandung,Perbup No.55 Tahun 2025
1.1.12.01.01.0001,Beton,struktur,Ready Mixed - K 500 ( FA ),M3,1085800,2026,Kabupaten Bandung,Perbup No.55 Tahun 2025
1.1.12.01.01.0001,Beton,struktur,Ready Mixed - K 500 ( NFA ),M3,1201000,2026,Kabupaten Bandung,Perbup No.55 Tahun 2025
1.1.12.01.01.0001,Beton,struktur,Ready Mixed - K 525 ( FA ),M3,1003600,2026,Kabupaten Bandung,Perbup No.55 Tahun 2025
1.1.12.01.01.0001,Beton,struktur,Ready Mixed - K 525 ( NFA ),M3,1036400,2026,Kabupaten Bandung,Perbup No.55 Tahun 2025
1.1.12.01.01.0001,Beton,struktur,Ready Mixed - K 550 ( FA ),M3,1025500,2026,Kabupaten Bandung,Perbup No.55 Tahun 2025
1.1.12.01.01.0001,Beton,struktur,Ready Mixed - K 550 ( NFA ),M3,1047400,2026,Kabupaten Bandung,Perbup No.55 Tahun 2025
1.1.12.01.01.0001,Beton,struktur,Ready Mixed - K 600 ( NFA ),M3,1102200,2026,Kabupaten Bandung,Perbup No.55 Tahun 2025
1.1.12.01.01.0001,Beton,struktur,Ready Mixed - K 625 ( NFA ),M3,1124100,2026,Kabupaten Bandung,Perbup No.55 Tahun 2025
1.1.12.01.01.0001,Beton,struktur,Ready Mixed f'c 10 Mpa,M3,877400,2026,Kabupaten Bandung,Perbup No.55 Tahun 2025
1.1.12.01.01.0001,Beton,struktur,Ready Mixed f'c 25 Mpa,M3,1059300,2026,Kabupaten Bandung,Perbup No.55 Tahun 2025
1.1.12.01.01.0001,Beton,struktur,Ready Mixed f'c 35 Mpa,M3,1171700,2026,Kabupaten Bandung,Perbup No.55 Tahun 2025
1.1.12.01.01.0001,Beton,struktur,Ready Mixed-K 100 ( FA ),M3,767700,2026,Kabupaten Bandung,Perbup No.55 Tahun 2025
1.1.12.01.01.0001,Beton,struktur,Ready Mixed-K 100 ( NFA ),M3,789700,2026,Kabupaten Bandung,Perbup No.55 Tahun 2025
1.1.12.01.01.0001,Beton,struktur,Tutup U-Ditch Uk. 39x60x6cm (Tipe LD),Buah,113200,2026,Kabupaten Bandung,Perbup No.55 Tahun 2025
1.1.12.01.01.0001,Beton,struktur,Tutup U-Ditch Uk. 39x60x9cm (Tipe HD),Buah,216700,2026,Kabupaten Bandung,Perbup No.55 Tahun 2025
1.1.12.01.01.0001,Beton,struktur,Tutup U-Ditch Uk. 51x60x10cm (Tipe HD),Buah,286100,2026,Kabupaten Bandung,Perbup No.55 Tahun 2025
1.1.12.01.01.0001,Beton,struktur,Tutup U-Ditch Uk. 51x60x7cm (Tipe LD),Buah,154600,2026,Kabupaten Bandung,Perbup No.55 Tahun 2025
1.1.12.01.01.0001,Beton,struktur,Tutup U-Ditch Uk. 62x60x13cm (Tipe HD),Buah,350600,2026,Kabupaten Bandung,Perbup No.55 Tahun 2025
1.1.12.01.01.0001,Beton,struktur,Tutup U-Ditch Uk. 62x60x7.5cm (Tipe LD),Buah,197200,2026,Kabupaten Bandung,Perbup No.55 Tahun 2025
1.1.12.01.01.0001,Beton,struktur,Tutup U-Ditch Uk. 73x60x14cm (Tipe HD),Buah,413900,2026,Kabupaten Bandung,Perbup No.55 Tahun 2025
1.1.12.01.01.0001,Beton,struktur,Tutup U-Ditch Uk. 73x60x8cm (Tipe LD),Buah,245900,2026,Kabupaten Bandung,Perbup No.55 Tahun 2025
1.1.12.01.01.0001,Beton,struktur,Tutup U-Ditch Uk. 94x60x10cm (Tipe LD),Buah,328700,2026,Kabupaten Bandung,Perbup No.55 Tahun 2025
1.1.12.01.01.0001,Beton,struktur,Tutup U-Ditch Uk. 94x60x15cm (Tipe HD),Buah,634300,2026,Kabupaten Bandung,Perbup No.55 Tahun 2025
1.1.12.01.01.0001,Beton,struktur,U - Ditch - U - 1001030x120,Buah,1997600,2026,Kabupaten Bandung,Perbup No.55 Tahun 2025
1.1.12.01.01.0001,Beton,struktur,U - Ditch - U - 100x100x120,Buah,1749500,2026,Kabupaten Bandung,Perbup No.55 Tahun 2025
1.1.12.01.01.0001,Beton,struktur,U - Ditch - U - 100x120x120,Buah,2380800,2026,Kabupaten Bandung,Perbup No.55 Tahun 2025
1.1.12.01.01.0001,Beton,struktur,U - Ditch - U - 1200x1200x120,Buah,3107900,2026,Kabupaten Bandung,Perbup No.55 Tahun 2025
1.1.12.01.01.0001,Beton,struktur,U - Ditch - U - 120x120x120,Buah,2645000,2026,Kabupaten Bandung,Perbup No.55 Tahun 2025
1.1.12.01.01.0001,Beton,struktur,U - Ditch - U - 120x140x120,Buah,2986400,2026,Kabupaten Bandung,Perbup No.55 Tahun 2025
1.1.12.01.01.0001,Beton,struktur,U - Ditch - U - 140x140x120,Buah,4204000,2026,Kabupaten Bandung,Perbup No.55 Tahun 2025
1.1.12.01.01.0001,Beton,struktur,U - Ditch - U - 150x100x120,Buah,3394000,2026,Kabupaten Bandung,Perbup No.55 Tahun 2025
1.1.12.01.01.0001,Beton,struktur,U - Ditch - U - 150x150x120,Buah,4167700,2026,Kabupaten Bandung,Perbup No.55 Tahun 2025
1.1.12.01.01.0001,Beton,struktur,U - Ditch - U - 150x170x120,Buah,4381700,2026,Kabupaten Bandung,Perbup No.55 Tahun 2025
1.1.12.01.01.0001,Beton,struktur,U - Ditch - U - 160x160x120,Buah,4899500,2026,Kabupaten Bandung,Perbup No.55 Tahun 2025
1.1.12.01.01.0001,Beton,struktur,U - Ditch - U - 160x180x120,Buah,5859300,2026,Kabupaten Bandung,Perbup No.55 Tahun 2025
1.1.12.01.01.0001,Beton,struktur,U - Ditch - U - 180x180x120,Buah,6244500,2026,Kabupaten Bandung,Perbup No.55 Tahun 2025
1.1.12.01.01.0001,Beton,struktur,U - Ditch - U - 180x200x120,Buah,6696100,2026,Kabupaten Bandung,Perbup No.55 Tahun 2025
1.1.12.01.01.0001,Beton,struktur,U - Ditch - U - 200x200x120,Buah,7460000,2026,Kabupaten Bandung,Perbup No.55 Tahun 2025
1.1.12.01.01.0001,Beton,struktur,U - Ditch - U - 30x30x120,Buah,383900,2026,Kabupaten Bandung,Perbup No.55 Tahun 2025
1.1.12.01.01.0001,Beton,struktur,U - Ditch - U - 30x40x120,Buah,405900,2026,Kabupaten Bandung,Perbup No.55 Tahun 2025
1.1.12.01.01.0001,Beton,struktur,U - Ditch - U - 40x40x120,Buah,521000,2026,Kabupaten Bandung,Perbup No.55 Tahun 2025
1.1.12.01.01.0001,Beton,struktur,U - Ditch - U - 40x50x120,Buah,561500,2026,Kabupaten Bandung,Perbup No.55 Tahun 2025
1.1.12.01.01.0001,Beton,struktur,U - Ditch - U - 40x60x120,Buah,616400,2026,Kabupaten Bandung,Perbup No.55 Tahun 2025
1.1.12.01.01.0001,Beton,struktur,U - Ditch - U - 50x50x120,Buah,651500,2026,Kabupaten Bandung,Perbup No.55 Tahun 2025
1.1.12.01.01.0001,Beton,struktur,U - Ditch - U - 50x60x120,Buah,568200,2026,Kabupaten Bandung,Perbup No.55 Tahun 2025
1.1.12.01.01.0001,Beton,struktur,U - Ditch - U - 50x70x120,Buah,740300,2026,Kabupaten Bandung,Perbup No.55 Tahun 2025
1.1.12.01.01.0001,Beton,struktur,U - Ditch - U - 60x60x120,Buah,805100,2026,Kabupaten Bandung,Perbup No.55 Tahun 2025
1.1.12.01.01.0001,Beton,struktur,U - Ditch - U - 60x70x120,Buah,730800,2026,Kabupaten Bandung,Perbup No.55 Tahun 2025
1.1.12.01.01.0001,Beton,struktur,U - Ditch - U - 60x80x120,Buah,1323300,2026,Kabupaten Bandung,Perbup No.55 Tahun 2025
1.1.12.01.01.0001,Beton,struktur,U - Ditch - U - 80x100x120,Buah,1381900,2026,Kabupaten Bandung,Perbup No.55 Tahun 2025
1.1.12.01.01.0001,Beton,struktur,U - Ditch - U - 80x60x120,Buah,867800,2026,Kabupaten Bandung,Perbup No.55 Tahun 2025
1.1.12.01.01.0001,Beton,struktur,U - Ditch - U - 80x80x120,Buah,1221800,2026,Kabupaten Bandung,Perbup No.55 Tahun 2025
1.1.12.01.01.0001,Beton,struktur,U-Ditch Premium - 300 X 300,Buah,337400,2026,Kabupaten Bandung,Perbup No.55 Tahun 2025
1.1.12.01.01.0001,Beton,struktur,U-Ditch Premium - 300 X 400,Buah,351000,2026,Kabupaten Bandung,Perbup No.55 Tahun 2025
1.1.12.01.01.0001,Beton,struktur,U-Ditch Premium - 400 X 400,Buah,455200,2026,Kabupaten Bandung,Perbup No.55 Tahun 2025
1.1.12.01.01.0001,Beton,struktur,U-Ditch Premium - 400 X 500,Buah,506800,2026,Kabupaten Bandung,Perbup No.55 Tahun 2025
1.1.12.01.01.0001,Beton,struktur,U-Ditch Premium - 400 X 600,Buah,586800,2026,Kabupaten Bandung,Perbup No.55 Tahun 2025
1.1.12.01.01.0001,Beton,struktur,U-Ditch Premium - 500 X 500,Buah,641600,2026,Kabupaten Bandung,Perbup No.55 Tahun 2025
1.1.12.01.01.0001,Beton,struktur,U-Ditch Premium - 500 X 600,Buah,695400,2026,Kabupaten Bandung,Perbup No.55 Tahun 2025
1.1.12.01.01.0001,Beton,struktur,U-Ditch Premium - 500 X 700,Buah,746900,2026,Kabupaten Bandung,Perbup No.55 Tahun 2025
1.1.12.01.01.0001,Beton,struktur,U-Ditch Premium - 600 X 600,Buah,764900,2026,Kabupaten Bandung,Perbup No.55 Tahun 2025
1.1.12.01.01.0001,Beton,struktur,U-Ditch Premium - 600 X 700,Buah,857700,2026,Kabupaten Bandung,Perbup No.55 Tahun 2025
1.1.12.01.01.0001,Beton,struktur,U-Ditch Premium - 600 X 800,Buah,904800,2026,Kabupaten Bandung,Perbup No.55 Tahun 2025
1.1.12.01.01.0001,Beton,struktur,U-Ditch Premium - 800 X 1000,Buah,1338000,2026,Kabupaten Bandung,Perbup No.55 Tahun 2025
1.1.12.01.01.0001,Beton,struktur,U-Ditch Premium - 800 X 800,Buah,1189900,2026,Kabupaten Bandung,Perbup No.55 Tahun 2025
1.1.12.01.01.0001,Beton,struktur,U-Ditch Premium - 800 X 900,Buah,1505900,2026,Kabupaten Bandung,Perbup No.55 Tahun 2025
1.1.12.01.01.0001,Beton,struktur,U-Ditch Standar Large - 1000 X 1000,Buah,2031200,2026,Kabupaten Bandung,Perbup No.55 Tahun 2025
1.1.12.01.01.0001,Beton,struktur,U-Ditch Standar Large - 1000 X 1100,Buah,2425000,2026,Kabupaten Bandung,Perbup No.55 Tahun 2025
1.1.12.01.01.0001,Beton,struktur,U-Ditch Standar Large - 1000 X 1200,Buah,2220900,2026,Kabupaten Bandung,Perbup No.55 Tahun 2025
1.1.12.01.01.0001,Beton,struktur,U-Ditch Standar Large - 1000 X 1300,Buah,2775700,2026,Kabupaten Bandung,Perbup No.55 Tahun 2025
1.1.12.01.01.0001,Beton,struktur,U-Ditch Standar Large - 1000 X 1400,Buah,3032500,2026,Kabupaten Bandung,Perbup No.55 Tahun 2025
1.1.12.01.01.0001,Beton,struktur,U-Ditch Standar Large - 1000 X 1500,Buah,3145700,2026,Kabupaten Bandung,Perbup No.55 Tahun 2025
1.1.12.01.01.0001,Beton,struktur,U-Ditch Standar Large - 1000 X 800,Buah,1908900,2026,Kabupaten Bandung,Perbup No.55 Tahun 2025
1.1.12.01.01.0001,Beton,struktur,U-Ditch Standar Large - 1000 X 900,Buah,2064700,2026,Kabupaten Bandung,Perbup No.55 Tahun 2025
1.1.12.01.01.0001,Beton,struktur,U-Ditch Standar Large - 1100 X 1100,Buah,2504200,2026,Kabupaten Bandung,Perbup No.55 Tahun 2025
1.1.12.01.01.0001,Beton,struktur,U-Ditch Standar Large - 1100 X 1300,Buah,3154300,2026,Kabupaten Bandung,Perbup No.55 Tahun 2025
1.1.12.01.01.0001,Beton,struktur,U-Ditch Standar Large - 1100 X 1500,Buah,3523100,2026,Kabupaten Bandung,Perbup No.55 Tahun 2025
1.1.12.01.01.0001,Beton,struktur,U-Ditch Standar Large - 1200 X 1000,Buah,2517100,2026,Kabupaten Bandung,Perbup No.55 Tahun 2025
1.1.12.01.01.0001,Beton,struktur,U-Ditch Standar Large - 1200 X 1200,Buah,3021600,2026,Kabupaten Bandung,Perbup No.55 Tahun 2025
1.1.12.01.01.0001,Beton,struktur,U-Ditch Standar Large - 1200 X 1400,Buah,3246400,2026,Kabupaten Bandung,Perbup No.55 Tahun 2025
1.1.12.01.01.0001,Beton,struktur,U-Ditch Standar Large - 1200 X 1600,Buah,3843300,2026,Kabupaten Bandung,Perbup No.55 Tahun 2025
1.1.12.01.01.0001,Beton,struktur,U-Ditch Standar Large - 1300 X 1100,Buah,3130000,2026,Kabupaten Bandung,Perbup No.55 Tahun 2025
1.1.12.01.01.0001,Beton,struktur,U-Ditch Standar Large - 1300 X 1300,Buah,3433100,2026,Kabupaten Bandung,Perbup No.55 Tahun 2025
1.1.12.01.01.0001,Beton,struktur,U-Ditch Standar Large - 1300 X 1500,Buah,3961400,2026,Kabupaten Bandung,Perbup No.55 Tahun 2025
1.1.12.01.01.0001,Beton,struktur,U-Ditch Standar Large - 1400 X 1200,Buah,3514600,2026,Kabupaten Bandung,Perbup No.55 Tahun 2025
1.1.12.01.01.0001,Beton,struktur,U-Ditch Standar Large - 1400 X 1400,Buah,4096400,2026,Kabupaten Bandung,Perbup No.55 Tahun 2025
1.1.12.01.01.0001,Beton,struktur,U-Ditch Standar Large - 1400 X 1600,Buah,4436200,2026,Kabupaten Bandung,Perbup No.55 Tahun 2025
1.1.12.01.01.0001,Beton,struktur,U-Ditch Standar Large - 1500 X 1300,Buah,4379000,2026,Kabupaten Bandung,Perbup No.55 Tahun 2025
1.1.12.01.01.0001,Beton,struktur,U-Ditch Standar Large - 1500 X 1500,Buah,4644800,2026,Kabupaten Bandung,Perbup No.55 Tahun 2025
1.1.12.01.01.0001,Beton,struktur,U-Ditch Standar Large - 1500 X 1700,Buah,4903600,2026,Kabupaten Bandung,Perbup No.55 Tahun 2025
1.1.12.01.01.0001,Beton,struktur,U-Ditch Standar Large - 1600 X 1400,Buah,4699100,2026,Kabupaten Bandung,Perbup No.55 Tahun 2025
1.1.12.01.01.0001,Beton,struktur,U-Ditch Standar Large - 1600 X 1600,Buah,5396000,2026,Kabupaten Bandung,Perbup No.55 Tahun 2025
1.1.12.01.01.0001,Beton,struktur,U-Ditch Standar Large - 1600 X 1800,Buah,5860000,2026,Kabupaten Bandung,Perbup No.55 Tahun 2025
1.1.12.01.01.0001,Beton,struktur,U-Ditch Standar Large - 1600 X 2000,Buah,6463100,2026,Kabupaten Bandung,Perbup No.55 Tahun 2025
1.1.12.01.01.0001,Beton,struktur,U-Ditch Standar Large - 1800 X 1600,Buah,6022400,2026,Kabupaten Bandung,Perbup No.55 Tahun 2025
1.1.12.01.01.0001,Beton,struktur,U-Ditch Standar Large - 1800 X 1800,Buah,6344700,2026,Kabupaten Bandung,Perbup No.55 Tahun 2025
1.1.12.01.01.0001,Beton,struktur,U-Ditch Standar Large - 1800 X 2000,Buah,7128900,2026,Kabupaten Bandung,Perbup No.55 Tahun 2025
1.1.12.01.01.0001,Beton,struktur,U-Ditch Standar Large - 2000 X 1800,Buah,7605000,2026,Kabupaten Bandung,Perbup No.55 Tahun 2025
1.1.12.01.01.0001,Beton,struktur,U-Ditch Standar Large - 2000 X 2000,Buah,7660800,2026,Kabupaten Bandung,Perbup No.55 Tahun 2025
1.1.12.01.01.0001,Beton,struktur,U-Ditch Standar Large - 2000 X 2200,Buah,8879600,2026,Kabupaten Bandung,Perbup No.55 Tahun 2025
1.1.12.01.01.0001,Beton,struktur,U-Ditch Standar Small - 300 X 300,Buah,295000,2026,Kabupaten Bandung,Perbup No.55 Tahun 2025
1.1.12.01.01.0001,Beton,struktur,U-Ditch Standar Small - 300 X 400,Buah,325700,2026,Kabupaten Bandung,Perbup No.55 Tahun 2025
1.1.12.01.01.0001,Beton,struktur,U-Ditch Standar Small - 400 X 400,Buah,388300,2026,Kabupaten Bandung,Perbup No.55 Tahun 2025
1.1.12.01.01.0001,Beton,struktur,U-Ditch Standar Small - 400 X 500,Buah,592900,2026,Kabupaten Bandung,Perbup No.55 Tahun 2025
1.1.12.01.01.0001,Beton,struktur,U-Ditch Standar Small - 400 X 600,Buah,530300,2026,Kabupaten Bandung,Perbup No.55 Tahun 2025
1.1.12.01.01.0001,Beton,struktur,U-Ditch Standar Small - 500 X 500,Buah,559400,2026,Kabupaten Bandung,Perbup No.55 Tahun 2025
1.1.12.01.01.0001,Beton,struktur,U-Ditch Standar Small - 500 X 600,Buah,597700,2026,Kabupaten Bandung,Perbup No.55 Tahun 2025
1.1.12.01.01.0001,Beton,struktur,U-Ditch Standar Small - 500 X 700,Buah,655900,2026,Kabupaten Bandung,Perbup No.55 Tahun 2025
1.1.12.01.01.0001,Beton,struktur,U-Ditch Standar Small - 600 X 600,Buah,652600,2026,Kabupaten Bandung,Perbup No.55 Tahun 2025
1.1.12.01.01.0001,Beton,struktur,U-Ditch Standar Small - 600 X 700,Buah,733700,2026,Kabupaten Bandung,Perbup No.55 Tahun 2025
1.1.12.01.01.0001,Beton,struktur,U-Ditch Standar Small - 600 X 800,Buah,817100,2026,Kabupaten Bandung,Perbup No.55 Tahun 2025
1.1.12.01.01.0001,Beton,struktur,U-Ditch Standar Small - 800 X 1000,Buah,1072700,2026,Kabupaten Bandung,Perbup No.55 Tahun 2025
1.1.12.01.01.0001,Beton,struktur,U-Ditch Standar Small - 800 X 800,Buah,937700,2026,Kabupaten Bandung,Perbup No.55 Tahun 2025
1.1.12.01.01.0001,Beton,struktur,U-Ditch Standar Small - 800 X 900,Buah,1505900,2026,Kabupaten Bandung,Perbup No.55 Tahun 2025
1.1.12.01.01.0001,Beton,struktur,"Ulir (D.10mm, Panjang = 12m)",Batang,187400,2026,Kabupaten Bandung,Perbup No.55 Tahun 2025
1.1.12.01.01.0001,Beton,struktur,"Ulir (D.13mm, Panjang = 12m)",Batang,150400,2026,Kabupaten Bandung,Perbup No.55 Tahun 2025
1.1.12.01.01.0001,Beton,struktur,"Ulir (D.16mm, Panjang = 12m)",Batang,194800,2026,Kabupaten Bandung,Perbup No.55 Tahun 2025
1.1.12.01.01.0001,Beton,struktur,"Ulir (D.19mm, Panjang = 12m)",Batang,407800,2026,Kabupaten Bandung,Perbup No.55 Tahun 2025
1.1.12.01.01.0001,Buis Beton,lainnya,1/2 dia 100 panj. 100 cm,Buah,288900,2026,Kabupaten Bandung,Perbup No.55 Tahun 2025
1.1.12.01.01.0001,Buis Beton,lainnya,1/2 dia 20 panj. 100 cm,Buah,63000,2026,Kabupaten Bandung,Perbup No.55 Tahun 2025
1.1.12.01.01.0001,Buis Beton,lainnya,1/2 dia 30 panj. 100 cm,Buah,71300,2026,Kabupaten Bandung,Perbup No.55 Tahun 2025
1.1.12.01.01.0001,Buis Beton,lainnya,1/2 dia 40 panj. 100 cm,Buah,93200,2026,Kabupaten Bandung,Perbup No.55 Tahun 2025
1.1.12.01.01.0001,Buis Beton,lainnya,1/2 dia 50 panj. 100 cm,Buah,147000,2026,Kabupaten Bandung,Perbup No.55 Tahun 2025
1.1.12.01.01.0001,Buis Beton,lainnya,1/2 dia 60 panj. 100 cm,Buah,197400,2026,Kabupaten Bandung,Perbup No.55 Tahun 2025
1.1.12.01.01.0001,Buis Beton,lainnya,1/2 dia 80 panj. 100 cm,Buah,60300,2026,Kabupaten Bandung,Perbup No.55 Tahun 2025
1.1.12.01.01.0001,Buis Beton,lainnya,dia 100 panj. 100 cm,Buah,326400,2026,Kabupaten Bandung,Perbup No.55 Tahun 2025
1.1.12.01.01.0001,Buis Beton,lainnya,dia 100 panj. 50 cm,Buah,526400,2026,Kabupaten Bandung,Perbup No.55 Tahun 2025
1.1.12.01.01.0001,Buis Beton,lainnya,dia 20 panj. 100 cm,Buah,82300,2026,Kabupaten Bandung,Perbup No.55 Tahun 2025
1.1.12.01.01.0001,Buis Beton,lainnya,dia 30 panj. 100 cm,Buah,107000,2026,Kabupaten Bandung,Perbup No.55 Tahun 2025
1.1.12.01.01.0001,Buis Beton,lainnya,dia 40 panj. 100 cm,Buah,230400,2026,Kabupaten Bandung,Perbup No.55 Tahun 2025
1.1.12.01.01.0001,Buis Beton,lainnya,dia 50 panj. 100 cm,Buah,274200,2026,Kabupaten Bandung,Perbup No.55 Tahun 2025
1.1.12.01.01.0001,Buis Beton,lainnya,dia 60 panj. 100 cm,Buah,321000,2026,Kabupaten Bandung,Perbup No.55 Tahun 2025
1.1.12.01.01.0001,Buis Beton,lainnya,dia 80 panj. 100 cm,Buah,272900,2026,Kabupaten Bandung,Perbup No.55 Tahun 2025
1.1.12.01.01.0001,Buis Beton,lainnya,dia 80 panj. 50 cm,Buah,356400,2026,Kabupaten Bandung,Perbup No.55 Tahun 2025
1.1.12.01.01.0001,Buis Beton,lainnya,,Buah,957800,2026,Kabupaten Bandung,Perbup No.55 Tahun 2025
1.1.12.01.01.0001,Buis Beton,lainnya,,Buah,1212100,2026,Kabupaten Bandung,Perbup No.55 Tahun 2025
1.1.12.01.01.0001,Buis Beton,lainnya,,Buah,71700,2026,Kabupaten Bandung,Perbup No.55 Tahun 2025
1.1.12.01.01.0001,Buis Beton,lainnya,,Buah,121900,2026,Kabupaten Bandung,Perbup No.55 Tahun 2025
1.1.12.01.01.0001,Buis Beton,lainnya,,Buah,152500,2026,Kabupaten Bandung,Perbup No.55 Tahun 2025
1.1.12.01.01.0001,Buis Beton,lainnya,,Buah,188500,2026,Kabupaten Bandung,Perbup No.55 Tahun 2025
1.1.12.01.01.0001,Buis Beton,lainnya,,Buah,218100,2026,Kabupaten Bandung,Perbup No.55 Tahun 2025
1.1.12.01.01.0001,Buis Beton,lainnya,,Buah,265100,2026,Kabupaten Bandung,Perbup No.55 Tahun 2025
1.1.12.01.01.0001,Buis Beton,lainnya,,Buah,292600,2026,Kabupaten Bandung,Perbup No.55 Tahun 2025
1.1.12.01.01.0001,Buis Beton,lainnya,,Buah,516100,2026,Kabupaten Bandung,Perbup No.55 Tahun 2025
1.1.12.01.01.0001,Buis Beton,lainnya,Ukuran 100cm X 50cm,Buah,548400,2026,Kabupaten Bandung,Perbup No.55 Tahun 2025
1.1.12.01.01.0001,Buis Beton,lainnya,Ukuran 20cm X 100cm,Buah,60300,2026,Kabupaten Bandung,Perbup No.55 Tahun 2025
1.1.12.01.01.0001,Buis Beton,lainnya,Ukuran 30cm X 100cm,Buah,71300,2026,Kabupaten Bandung,Perbup No.55 Tahun 2025
1.1.12.01.01.0001,Buis Beton,lainnya,Ukuran 40cm X 100cm,Buah,93200,2026,Kabupaten Bandung,Perbup No.55 Tahun 2025
1.1.12.01.01.0001,Buis Beton,lainnya,Ukuran 50cm X 100cm,Buah,351600,2026,Kabupaten Bandung,Perbup No.55 Tahun 2025
1.1.12.01.01.0001,Buis Beton,lainnya,Ukuran 60cm X 100cm,Buah,131600,2026,Kabupaten Bandung,Perbup No.55 Tahun 2025
1.1.12.01.01.0001,Buis Beton,lainnya,Ukuran 80cm X 50cm,Buah,175500,2026,Kabupaten Bandung,Perbup No.55 Tahun 2025
1.1.12.01.01.0001,Cat,finishing,Cat akhir dekoratif beton,Kg,24100,2026,Kabupaten Bandung,Perbup No.55 Tahun 2025
1.1.12.01.01.0001,Cat,finishing,Cat Antara,Kg,94200,2026,Kabupaten Bandung,Perbup No.55 Tahun 2025
1.1.12.01.01.0001,Cat,finishing,Cat Anti Karat,Kg,79500,2026,Kabupaten Bandung,Perbup No.55 Tahun 2025
1.1.12.01.01.0001,Cat,finishing,Cat Besi,Kg,86700,2026,Kabupaten Bandung,Perbup No.55 Tahun 2025
1.1.12.01.01.0001,Cat,finishing,Cat Dasar,Kg,41100,2026,Kabupaten Bandung,Perbup No.55 Tahun 2025
1.1.12.01.01.0001,Cat,finishing,Cat dasar kayu/besi KW 2,Kg,40600,2026,Kabupaten Bandung,Perbup No.55 Tahun 2025
1.1.12.01.01.0001,Cat,finishing,Cat Duco,Kg,94200,2026,Kabupaten Bandung,Perbup No.55 Tahun 2025
1.1.12.01.01.0001,Cat,finishing,Cat Epoxy,Kg,95700,2026,Kabupaten Bandung,Perbup No.55 Tahun 2025
1.1.12.01.01.0001,Cat,finishing,Cat Genteng (Per Ltr) -,Liter,149200,2026,Kabupaten Bandung,Perbup No.55 Tahun 2025
1.1.12.01.01.0001,Cat,finishing,Cat Kayu,Kg,97600,2026,Kabupaten Bandung,Perbup No.55 Tahun 2025
1.1.12.01.01.0001,Cat,finishing,Cat kayu/Besi,Kg,86700,2026,Kabupaten Bandung,Perbup No.55 Tahun 2025
1.1.12.01.01.0001,Cat,finishing,Cat Kayu/Besi Cat Minyak,Kg,84300,2026,Kabupaten Bandung,Perbup No.55 Tahun 2025
1.1.12.01.01.0001,Cat,finishing,Cat Marka (Non Thermo),Kg,27900,2026,Kabupaten Bandung,Perbup No.55 Tahun 2025
1.1.12.01.01.0001,Cat,finishing,Cat Marka (Thermoplastic),Kg,27900,2026,Kabupaten Bandung,Perbup No.55 Tahun 2025
1.1.12.01.01.0001,Cat,finishing,Cat Meni,Liter,60900,2026,Kabupaten Bandung,Perbup No.55 Tahun 2025
1.1.12.01.01.0001,Cat,finishing,Cat meni kayu,Kg,49300,2026,Kabupaten Bandung,Perbup No.55 Tahun 2025
1.1.12.01.01.0001,Cat,finishing,Cat penutup kayu/besi kw 1,Kg,97600,2026,Kabupaten Bandung,Perbup No.55 Tahun 2025
1.1.12.01.01.0001,Cat,finishing,Cat Penutup Eksterior,Kg,48000,2026,Kabupaten Bandung,Perbup No.55 Tahun 2025
1.1.12.01.01.0001,Cat,finishing,Cat Penutup Interior,Kg,45100,2026,Kabupaten Bandung,Perbup No.55 Tahun 2025
1.1.12.01.01.0001,Cat,finishing,Cat penutup kayu/besi KW 2,Kg,76800,2026,Kabupaten Bandung,Perbup No.55 Tahun 2025
1.1.12.01.01.0001,Cat,finishing,Cat Plafond,Kg,76800,2026,Kabupaten Bandung,Perbup No.55 Tahun 2025
1.1.12.01.01.0001,Cat,finishing,Cat Plafond Eksterior,Kg,78000,2026,Kabupaten Bandung,Perbup No.55 Tahun 2025
1.1.12.01.01.0001,Cat,finishing,Cat tembok,Liter,42800,2026,Kabupaten Bandung,Perbup No.55 Tahun 2025
1.1.12.01.01.0001,Cat,finishing,Cat Tembok,Kg,33000,2026,Kabupaten Bandung,Perbup No.55 Tahun 2025
1.1.12.01.01.0001,Cat,finishing,Cat Tembok,Galon,252300,2026,Kabupaten Bandung,Perbup No.55 Tahun 2025
1.1.12.01.01.0001,Cat,finishing,Cat Tembok - Acrylic Emulsion kw1,Kg,108600,2026,Kabupaten Bandung,Perbup No.55 Tahun 2025
1.1.12.01.01.0001,Cat,finishing,Cat Tembok - Acrylic Emulsion kw2,Kg,49900,2026,Kabupaten Bandung,Perbup No.55 Tahun 2025
1.1.12.01.01.0001,Cat,finishing,Cat Tembok Acrilic Emulsion Weathershield,Kg,158400,2026,Kabupaten Bandung,Perbup No.55 Tahun 2025
1.1.12.01.01.0001,Cat,finishing,Cat Tembok Catylac Eksterior,Galon,251700,2026,Kabupaten Bandung,Perbup No.55 Tahun 2025
1.1.12.01.01.0001,Cat,finishing,Cat Tembok Catylac Interior,Galon,124700,2026,Kabupaten Bandung,Perbup No.55 Tahun 2025
1.1.12.01.01.0001,Cat,finishing,Cat Tembok ICI Eksterior,Galon,386100,2026,Kabupaten Bandung,Perbup No.55 Tahun 2025
1.1.12.01.01.0001,Cat,finishing,Cat Tembok ICI Interior,Galon,256100,2026,Kabupaten Bandung,Perbup No.55 Tahun 2025
1.1.12.01.01.0001,Cat,finishing,Cat Tembok Vinilex,Galon,211100,2026,Kabupaten Bandung,Perbup No.55 Tahun 2025
1.1.12.01.01.0001,Cat,finishing,Cat Thermoplast,Kg,31800,2026,Kabupaten Bandung,Perbup No.55 Tahun 2025
1.1.12.01.01.0001,Cat,finishing,Cat Zyncromate,Kg,21400,2026,Kabupaten Bandung,Perbup No.55 Tahun 2025
1.1.12.01.01.0001,Cat,finishing,Flinkote,Lot,222200,2026,Kabupaten Bandung,Perbup No.55 Tahun 2025
1.1.12.01.01.0001,Cat,finishing,Melamic,Kg,103000,2026,Kabupaten Bandung,Perbup No.55 Tahun 2025
1.1.12.01.01.0001,Cat,finishing,Menie Besi,Kg,71000,2026,Kabupaten Bandung,Perbup No.55 Tahun 2025
1.1.12.01.01.0001,Cat,finishing,Menie Kayu,Kg,71000,2026,Kabupaten Bandung,Perbup No.55 Tahun 2025
1.1.12.01.01.0001,Cat,finishing,Zinchromate,Kg,60300,2026,Kabupaten Bandung,Perbup No.55 Tahun 2025
1.1.12.01.01.0001,Genteng,atap,Beton,Buah,14300,2026,Kabupaten Bandung,Perbup No.55 Tahun 2025
1.1.12.01.01.0001,Genteng,atap,bubung,Buah,7200,2026,Kabupaten Bandung,Perbup No.55 Tahun 2025
1.1.12.01.01.0001,Genteng,atap,Genteng,Buah,5600,2026,Kabupaten Bandung,Perbup No.55 Tahun 2025
1.1.12.01.01.0001,Genteng,atap,Genteng Aspal Uk. 0.8x1m,Buah,34600,2026,Kabupaten Bandung,Perbup No.55 Tahun 2025
1.1.12.01.01.0001,Genteng,atap,Genteng Beton,Buah,14300,2026,Kabupaten Bandung,Perbup No.55 Tahun 2025
1.1.12.01.01.0001,Genteng,atap,Genteng Bubung,Buah,7200,2026,Kabupaten Bandung,Perbup No.55 Tahun 2025
1.1.12.01.01.0001,Genteng,atap,Genteng Kodok,Buah,4000,2026,Kabupaten Bandung,Perbup No.55 Tahun 2025
1.1.12.01.01.0001,Genteng,atap,Genteng Palentong,Buah,5600,2026,Kabupaten Bandung,Perbup No.55 Tahun 2025
1.1.12.01.01.0001,Genteng,atap,Genteng Palentong Besar (Morando),Buah,4300,2026,Kabupaten Bandung,Perbup No.55 Tahun 2025
1.1.12.01.01.0001,Genteng,atap,Kaca 5mm,Buah,86700,2026,Kabupaten Bandung,Perbup No.55 Tahun 2025
1.1.12.01.01.0001,Genteng,atap,Kaca 6 Mm,Buah,82300,2026,Kabupaten Bandung,Perbup No.55 Tahun 2025
1.1.12.01.01.0001,Genteng,atap,Keramik Glazur−15 bh/m2 KANMURI,Buah,14900,2026,Kabupaten Bandung,Perbup No.55 Tahun 2025
1.1.12.01.01.0001,Genteng,atap,Keramik Natural,Buah,12100,2026,Kabupaten Bandung,Perbup No.55 Tahun 2025
1.1.12.01.01.0001,Genteng,atap,Metal,M2,58100,2026,Kabupaten Bandung,Perbup No.55 Tahun 2025
1.1.12.01.01.0001,Kawat,lainnya,Kawat Beton,Kg,31800,2026,Kabupaten Bandung,Perbup No.55 Tahun 2025
1.1.12.01.01.0001,Kawat,lainnya,Kawat Sling Baja,Meter,24000,2026,Kabupaten Bandung,Perbup No.55 Tahun 2025
1.1.12.01.01.0001,Kayu,kayu,Acuan / bekisting,M3,192100,2026,Kabupaten Bandung,Perbup No.55 Tahun 2025
1.1.12.01.01.0001,Kayu,kayu,Akustik 30 x 60 cm,Lembar,98800,2026,Kabupaten Bandung,Perbup No.55 Tahun 2025
1.1.12.01.01.0001,Kayu,kayu,Akustik 60 x 120 cm,Lembar,137100,2026,Kabupaten Bandung,Perbup No.55 Tahun 2025
1.1.12.01.01.0001,Kayu,kayu,Akustik Uk. 30x30cm,Lembar,55100,2026,Kabupaten Bandung,Perbup No.55 Tahun 2025
1.1.12.01.01.0001,Kayu,kayu,Akustik Uk. 30x60cm,Lembar,98800,2026,Kabupaten Bandung,Perbup No.55 Tahun 2025
1.1.12.01.01.0001,Kayu,kayu,balok - kaso-kaso Klas II,M3,7019200,2026,Kabupaten Bandung,Perbup No.55 Tahun 2025
1.1.12.01.01.0001,Kayu,kayu,Balok Kayu,M3,2808800,2026,Kabupaten Bandung,Perbup No.55 Tahun 2025
1.1.12.01.01.0001,Kayu,kayu,Balok Kayu Kelas I,M3,16999600,2026,Kabupaten Bandung,Perbup No.55 Tahun 2025
1.1.12.01.01.0001,Kayu,kayu,Balok Kayu Kelas II,M3,7019200,2026,Kabupaten Bandung,Perbup No.55 Tahun 2025
1.1.12.01.01.0001,Kayu,kayu,Balok Kayu Kelas III,M3,3050000,2026,Kabupaten Bandung,Perbup No.55 Tahun 2025
1.1.12.01.01.0001,Kayu,kayu,Balok Kayu Kelas IV,M3,2248400,2026,Kabupaten Bandung,Perbup No.55 Tahun 2025
1.1.12.01.01.0001,Kayu,kayu,Balok Kayu. 6 x 12,M3,2923200,2026,Kabupaten Bandung,Perbup No.55 Tahun 2025
1.1.12.01.01.0001,Kayu,kayu,"balok, kaso-kaso Klas III",M3,3050000,2026,Kabupaten Bandung,Perbup No.55 Tahun 2025
1.1.12.01.01.0001,Kayu,kayu,"balok, kaso-kaso Klas IV",M3,2248400,2026,Kabupaten Bandung,Perbup No.55 Tahun 2025
1.1.12.01.01.0001,Kayu,kayu,Bekisting,M3,2577400,2026,Kabupaten Bandung,Perbup No.55 Tahun 2025
1.1.12.01.01.0001,Kayu,kayu,Dolken dia 5 s/d 7 cm,Batang,16500,2026,Kabupaten Bandung,Perbup No.55 Tahun 2025
1.1.12.01.01.0001,Kayu,kayu,Dolken dia 8 s/d 10 cm,Batang,43900,2026,Kabupaten Bandung,Perbup No.55 Tahun 2025
1.1.12.01.01.0001,Kayu,kayu,Engineering Wood,M2,392700,2026,Kabupaten Bandung,Perbup No.55 Tahun 2025
1.1.12.01.01.0001,Kayu,kayu,Kaso Albasia,M3,1535500,2026,Kabupaten Bandung,Perbup No.55 Tahun 2025
1.1.12.01.01.0001,Kayu,kayu,Kaso-kaso 5 x 7cm,M3,2675000,2026,Kabupaten Bandung,Perbup No.55 Tahun 2025
1.1.12.01.01.0001,Kayu,kayu,Kayu Balok Borneo,M3,2033000,2026,Kabupaten Bandung,Perbup No.55 Tahun 2025
1.1.12.01.01.0001,Kayu,kayu,Kayu Bekisting,M2,69700,2026,Kabupaten Bandung,Perbup No.55 Tahun 2025
1.1.12.01.01.0001,Kayu,kayu,Kayu Kaso 5x7cm Kelas II,M3,3600400,2026,Kabupaten Bandung,Perbup No.55 Tahun 2025
1.1.12.01.01.0001,Kayu,kayu,Kayu Kaso 5x7cm Kelas III,M3,2880300,2026,Kabupaten Bandung,Perbup No.55 Tahun 2025
1.1.12.01.01.0001,Kayu,kayu,Kayu Kelas I,M3,16999600,2026,Kabupaten Bandung,Perbup No.55 Tahun 2025
1.1.12.01.01.0001,Kayu,kayu,Kayu Kelas II,M3,5319300,2026,Kabupaten Bandung,Perbup No.55 Tahun 2025
1.1.12.01.01.0001,Kayu,kayu,Kayu Kelas III,M3,2880300,2026,Kabupaten Bandung,Perbup No.55 Tahun 2025
1.1.12.01.01.0001,Kayu,kayu,Kayu Kelas IV,M3,2592300,2026,Kabupaten Bandung,Perbup No.55 Tahun 2025
1.1.12.01.01.0001,Kayu,kayu,Kayu Lapis,Lembar,13900,2026,Kabupaten Bandung,Perbup No.55 Tahun 2025
1.1.12.01.01.0001,Kayu,kayu,Kayu Lapis 3mm,Lembar,14500,2026,Kabupaten Bandung,Perbup No.55 Tahun 2025
1.1.12.01.01.0001,Kayu,kayu,Kayu Lapis 4mm,Lembar,16300,2026,Kabupaten Bandung,Perbup No.55 Tahun 2025
1.1.12.01.01.0001,Kayu,kayu,Kayu Lapis 6mm,Lembar,18000,2026,Kabupaten Bandung,Perbup No.55 Tahun 2025
1.1.12.01.01.0001,Kayu,kayu,Kayu Papan,M3,2748200,2026,Kabupaten Bandung,Perbup No.55 Tahun 2025
1.1.12.01.01.0001,Kayu,kayu,"Klas I, Jati",M3,16999600,2026,Kabupaten Bandung,Perbup No.55 Tahun 2025
1.1.12.01.01.0001,Kayu,kayu,"Klas II, Kamper",M3,10419100,2026,Kabupaten Bandung,Perbup No.55 Tahun 2025
1.1.12.01.01.0001,Kayu,kayu,"Klas III, Meranti",M3,6330400,2026,Kabupaten Bandung,Perbup No.55 Tahun 2025
1.1.12.01.01.0001,Kayu,kayu,"Klas IV, Terentang",M3,1947800,2026,Kabupaten Bandung,Perbup No.55 Tahun 2025
1.1.12.01.01.0001,Kayu,kayu,List kayu 2x4cm,M3,13910000,2026,Kabupaten Bandung,Perbup No.55 Tahun 2025
1.1.12.01.01.0001,Kayu,kayu,List Kayu Profil,M,25900,2026,Kabupaten Bandung,Perbup No.55 Tahun 2025
1.1.12.01.01.0001,Kayu,kayu,List Kayu Samarinda 1 x 5 cm Profil,M,27400,2026,Kabupaten Bandung,Perbup No.55 Tahun 2025
1.1.12.01.01.0001,Kayu,kayu,"List plafon bahan triplek 0,3x5 cm",M,3300,2026,Kabupaten Bandung,Perbup No.55 Tahun 2025
1.1.12.01.01.0001,Kayu,kayu,Palet Kayu Uk. 120x120x10cm,Buah,58900,2026,Kabupaten Bandung,Perbup No.55 Tahun 2025
1.1.12.01.01.0001,Kayu,kayu,"papan - reng Klas I, Jati Jabar",M3,14257800,2026,Kabupaten Bandung,Perbup No.55 Tahun 2025
1.1.12.01.01.0001,Kayu,kayu,Papan Cor,M3,1749700,2026,Kabupaten Bandung,Perbup No.55 Tahun 2025
1.1.12.01.01.0001,Kayu,kayu,Papan Kayu,M3,1947800,2026,Kabupaten Bandung,Perbup No.55 Tahun 2025
1.1.12.01.01.0001,Kayu,kayu,Papan Kayu Kelas I,M3,14257800,2026,Kabupaten Bandung,Perbup No.55 Tahun 2025
1.1.12.01.01.0001,Kayu,kayu,Papan Kayu Kelas II,M3,5319300,2026,Kabupaten Bandung,Perbup No.55 Tahun 2025
1.1.12.01.01.0001,Kayu,kayu,Papan Kayu Kelas III,M3,2577400,2026,Kabupaten Bandung,Perbup No.55 Tahun 2025
1.1.12.01.01.0001,Kayu,kayu,"papan, reng Klas II",M3,5319300,2026,Kabupaten Bandung,Perbup No.55 Tahun 2025
1.1.12.01.01.0001,Kayu,kayu,papan-reng Klas IV,M3,1947800,2026,Kabupaten Bandung,Perbup No.55 Tahun 2025
1.1.12.01.01.0001,Kayu,kayu,Parquet Kayu,M2,267500,2026,Kabupaten Bandung,Perbup No.55 Tahun 2025
1.1.12.01.01.0001,Kayu,kayu,Perancah Kayu,M3,675500,2026,Kabupaten Bandung,Perbup No.55 Tahun 2025
1.1.12.01.01.0001,Kayu,kayu,reng- papan Klas III,M3,2577400,2026,Kabupaten Bandung,Perbup No.55 Tahun 2025
1.1.12.01.01.0001,Kayu,kayu,Suren ( uk. 3 x 30 x 200 cm ),Batang,131000,2026,Kabupaten Bandung,Perbup No.55 Tahun 2025
1.1.12.01.01.0001,Kayu,kayu,Suren ( uk. 4 x 4 x 200 cm ),Batang,33400,2026,Kabupaten Bandung,Perbup No.55 Tahun 2025
1.1.12.01.01.0001,Kayu,kayu,Suren ( uk. 6 x 15 x 200 cm ),Batang,93400,2026,Kabupaten Bandung,Perbup No.55 Tahun 2025
1.1.12.01.01.0001,Kayu,kayu,Suren ( uk. 6 x 6 x 200 cm ),Batang,100000,2026,Kabupaten Bandung,Perbup No.55 Tahun 2025
1.1.12.01.01.0001,Kayu,kayu,Veeneer Urat Kayu Tebal 2mm,M2,15700,2026,Kabupaten Bandung,Perbup No.55 Tahun 2025
1.1.12.01.01.0001,Kayu,kayu,Vinyl ( bahan kayu ),Kg,109700,2026,Kabupaten Bandung,Perbup No.55 Tahun 2025
1.1.12.01.01.0001,Keramik,lantai,"10/10, 10/20, 20/20, KW I putih / polos",M2,73500,2026,Kabupaten Bandung,Perbup No.55 Tahun 2025
1.1.12.01.01.0001,Keramik,lantai,Artistik Uk. 10x10cm,Buah,4100,2026,Kabupaten Bandung,Perbup No.55 Tahun 2025
1.1.12.01.01.0001,Keramik,lantai,Artistik Uk. 10x20cm,Buah,4300,2026,Kabupaten Bandung,Perbup No.55 Tahun 2025
1.1.12.01.01.0001,Keramik,lantai,Artistik Uk. 20x20cm,Buah,7000,2026,Kabupaten Bandung,Perbup No.55 Tahun 2025
1.1.12.01.01.0001,Keramik,lantai,Artistik Uk. 30x30cm,Buah,12300,2026,Kabupaten Bandung,Perbup No.55 Tahun 2025
1.1.12.01.01.0001,Keramik,lantai,Artistik Uk. 40x40cm,Buah,15000,2026,Kabupaten Bandung,Perbup No.55 Tahun 2025
1.1.12.01.01.0001,Keramik,lantai,Artistik Uk. 8x8cm,Buah,3700,2026,Kabupaten Bandung,Perbup No.55 Tahun 2025
1.1.12.01.01.0001,Keramik,lantai,dinding 20 x 20 cm KW 1,M2,142100,2026,Kabupaten Bandung,Perbup No.55 Tahun 2025
1.1.12.01.01.0001,Keramik,lantai,dinding 20 x 20 cm KW 2,M2,100300,2026,Kabupaten Bandung,Perbup No.55 Tahun 2025
1.1.12.01.01.0001,Keramik,lantai,dinding 20 x 25 cm KW 1,M2,235100,2026,Kabupaten Bandung,Perbup No.55 Tahun 2025
1.1.12.01.01.0001,Keramik,lantai,dinding 20 x 25 cm KW 2,M2,63700,2026,Kabupaten Bandung,Perbup No.55 Tahun 2025
1.1.12.01.01.0001,Keramik,lantai,Keramik Tactile Uk. 30x30cm,Buah,60000,2026,Kabupaten Bandung,Perbup No.55 Tahun 2025
1.1.12.01.01.0001,Keramik,lantai,Keramik Tactile Uk. 40x40cm,Buah,70000,2026,Kabupaten Bandung,Perbup No.55 Tahun 2025
1.1.12.01.01.0001,Keramik,lantai,Lantai 20 x 20 cm antislip,M2,71300,2026,Kabupaten Bandung,Perbup No.55 Tahun 2025
1.1.12.01.01.0001,Keramik,lantai,Lantai 20 x 20 cm kw 1,M2,122800,2026,Kabupaten Bandung,Perbup No.55 Tahun 2025
1.1.12.01.01.0001,Keramik,lantai,Lantai 20 x 20 cm kw 2,M2,60300,2026,Kabupaten Bandung,Perbup No.55 Tahun 2025
1.1.12.01.01.0001,Keramik,lantai,Lantai 30 x 30 cm kw 1,M2,122800,2026,Kabupaten Bandung,Perbup No.55 Tahun 2025
1.1.12.01.01.0001,Keramik,lantai,Lantai 30 x 30 cm kw 2,M2,63700,2026,Kabupaten Bandung,Perbup No.55 Tahun 2025
1.1.12.01.01.0001,Keramik,lantai,"lantai 30 x 30, DN putih polos",M2,49300,2026,Kabupaten Bandung,Perbup No.55 Tahun 2025
1.1.12.01.01.0001,Keramik,lantai,"lantai 30 x 30, DN warna/corak, anti slip",M2,57000,2026,Kabupaten Bandung,Perbup No.55 Tahun 2025
1.1.12.01.01.0001,Keramik,lantai,"Lantai 33,3 x 33,3 cm kw 1",M2,122800,2026,Kabupaten Bandung,Perbup No.55 Tahun 2025
1.1.12.01.01.0001,Keramik,lantai,"Lantai 33,3 x 33,3 cm kw 2",M2,97600,2026,Kabupaten Bandung,Perbup No.55 Tahun 2025
1.1.12.01.01.0001,Keramik,lantai,Lantai 40 x 40 cm kw 1,M2,60300,2026,Kabupaten Bandung,Perbup No.55 Tahun 2025
1.1.12.01.01.0001,Keramik,lantai,Lantai 40 x 40 cm kw 2,M2,63700,2026,Kabupaten Bandung,Perbup No.55 Tahun 2025
1.1.12.01.01.0001,Keramik,lantai,Uk. 10x20cm,Buah,1500,2026,Kabupaten Bandung,Perbup No.55 Tahun 2025
1.1.12.01.01.0001,Keramik,lantai,Uk. 20x20cm,Buah,5900,2026,Kabupaten Bandung,Perbup No.55 Tahun 2025
1.1.12.01.01.0001,Keramik,lantai,Uk. 30x30cm,Buah,11200,2026,Kabupaten Bandung,Perbup No.55 Tahun 2025
1.1.12.01.01.0001,Keramik,lantai,Uk. 40x40cm,Buah,10100,2026,Kabupaten Bandung,Perbup No.55 Tahun 2025
1.1.12.01.01.0001,Minyak Cat/Thinner,lainnya,Minyak Cat,Liter,31600,2026,Kabupaten Bandung,Perbup No.55 Tahun 2025
1.1.12.01.01.0001,Minyak Cat/Thinner,lainnya,Minyak Cat Tinner,Liter,29100,2026,Kabupaten Bandung,Perbup No.55 Tahun 2025
1.1.12.01.01.0001,Minyak Cat/Thinner,lainnya,Thinner,Liter,32300,2026,Kabupaten Bandung,Perbup No.55 Tahun 2025
1.1.12.01.01.0001,Minyak Cat/Thinner,lainnya,Thinner B,Liter,25300,2026,Kabupaten Bandung,Perbup No.55 Tahun 2025
1.1.12.01.01.0001,Minyak Cat/Thinner,lainnya,Thinner A,Liter,30600,2026,Kabupaten Bandung,Perbup No.55 Tahun 2025
1.1.12.01.01.0001,Paku,lainnya,"Beton 4 """,Kg,68600,2026,Kabupaten Bandung,Perbup No.55 Tahun 2025
1.1.12.01.01.0001,Paku,lainnya,Genteng Metal,Dus,30200,2026,Kabupaten Bandung,Perbup No.55 Tahun 2025
1.1.12.01.01.0001,Paku,lainnya,Paku Beton,Buah,100,2026,Kabupaten Bandung,Perbup No.55 Tahun 2025
1.1.12.01.01.0001,Pasir,material_umum,Bahan Tanah Timbunan,M3,192000,2026,Kabupaten Bandung,Perbup No.55 Tahun 2025
1.1.12.01.01.0001,Pasir,material_umum,Pasir,M3,329000,2026,Kabupaten Bandung,Perbup No.55 Tahun 2025
1.1.12.01.01.0001,Pasir,material_umum,Pasir Beton,M3,421200,2026,Kabupaten Bandung,Perbup No.55 Tahun 2025
1.1.12.01.01.0001,Pasir,material_umum,Pasir Beton,Kg,400,2026,Kabupaten Bandung,Perbup No.55 Tahun 2025
1.1.12.01.01.0001,Pasir,material_umum,Pasir Filler,M3,473800,2026,Kabupaten Bandung,Perbup No.55 Tahun 2025
1.1.12.01.01.0001,Pasir,material_umum,Pasir Pasang,M3,230400,2026,Kabupaten Bandung,Perbup No.55 Tahun 2025
1.1.12.01.01.0001,Pasir,material_umum,Pasir Pasang,Kg,200,2026,Kabupaten Bandung,Perbup No.55 Tahun 2025
1.1.12.01.01.0001,Pasir,material_umum,"Pasir sungai, persemaian",M3,351000,2026,Kabupaten Bandung,Perbup No.55 Tahun 2025
1.1.12.01.01.0001,Pasir,material_umum,Pasir Urug,M3,223700,2026,Kabupaten Bandung,Perbup No.55 Tahun 2025
1.1.12.01.01.0001,Pasir,material_umum,Pasir/Kompos/Material Perbaikan Tanah: 10%,M3,401300,2026,Kabupaten Bandung,Perbup No.55 Tahun 2025
1.1.12.01.01.0001,Pasir,material_umum,Pasir/Kompos/Material Perbaikan Tanah: 5%,M3,351000,2026,Kabupaten Bandung,Perbup No.55 Tahun 2025
1.1.12.01.01.0001,Pasir,material_umum,Sirlak,Kg,86700,2026,Kabupaten Bandung,Perbup No.55 Tahun 2025
1.1.12.01.01.0001,Pasir,material_umum,Sirtu,M3,301600,2026,Kabupaten Bandung,Perbup No.55 Tahun 2025
1.1.12.01.01.0001,Pasir,material_umum,Timbunan/urugan Porous,M3,320300,2026,Kabupaten Bandung,Perbup No.55 Tahun 2025
1.1.12.01.01.0001,Plat,lainnya,Plat Baja,Kg,43000,2026,Kabupaten Bandung,Perbup No.55 Tahun 2025
1.1.12.01.01.0001,Plat,lainnya,Plat Baja Tebal 2mm,Kg,45500,2026,Kabupaten Bandung,Perbup No.55 Tahun 2025
1.1.12.01.01.0001,Plat,lainnya,Plat Besi 5 mm,Lembar,2591100,2026,Kabupaten Bandung,Perbup No.55 Tahun 2025
1.1.12.01.01.0001,Plat,lainnya,Plat Besi Tebal 3mm,Kg,53500,2026,Kabupaten Bandung,Perbup No.55 Tahun 2025
1.1.12.01.01.0001,Semen,material_umum,40 Kg ( Pc ),Zak,62000,2026,Kabupaten Bandung,Perbup No.55 Tahun 2025
1.1.12.01.01.0001,Semen,material_umum,Grouting,Kg,4500,2026,Kabupaten Bandung,Perbup No.55 Tahun 2025
1.1.12.01.01.0001,Semen,material_umum,Instan Perekat Bata ringan,Zak,283100,2026,Kabupaten Bandung,Perbup No.55 Tahun 2025
1.1.12.01.01.0001,Semen,material_umum,PC (50kg),Zak,79500,2026,Kabupaten Bandung,Perbup No.55 Tahun 2025
1.1.12.01.01.0001,Semen,material_umum,PC (kg),Kg,1800,2026,Kabupaten Bandung,Perbup No.55 Tahun 2025
1.1.12.01.01.0001,Semen,material_umum,Semen Grout Non Shrink,Kg,4500,2026,Kabupaten Bandung,Perbup No.55 Tahun 2025
1.1.12.01.01.0001,Semen,material_umum,Serat Semen,M2,78200,2026,Kabupaten Bandung,Perbup No.55 Tahun 2025
1.1.12.01.01.0001,Semen,material_umum,Serat Semen Gel 105x150,Lembar,48200,2026,Kabupaten Bandung,Perbup No.55 Tahun 2025
1.1.12.01.01.0001,Semen,material_umum,Serat Semen Gel 105x210,Lembar,58900,2026,Kabupaten Bandung,Perbup No.55 Tahun 2025
1.1.12.01.01.0001,Semen,material_umum,Serat Semen Gel 105x240,Lembar,64200,2026,Kabupaten Bandung,Perbup No.55 Tahun 2025
1.1.12.01.01.0001,Semen,material_umum,Serat Semen Gel 105x270,Lembar,74900,2026,Kabupaten Bandung,Perbup No.55 Tahun 2025
1.1.12.01.01.0001,Semen,material_umum,Serat Semen Gel 105x300,Lembar,85600,2026,Kabupaten Bandung,Perbup No.55 Tahun 2025
1.1.12.01.01.0001,Semen,material_umum,Serat Semen Gel 108x180,Lembar,63300,2026,Kabupaten Bandung,Perbup No.55 Tahun 2025
1.1.12.01.01.0001,Semen,material_umum,Serat Semen Gel 108x210,Lembar,73800,2026,Kabupaten Bandung,Perbup No.55 Tahun 2025
1.1.12.01.01.0001,Semen,material_umum,Serat Semen Gel 108x240,Lembar,84400,2026,Kabupaten Bandung,Perbup No.55 Tahun 2025
1.1.12.01.01.0001,Semen,material_umum,Serat Semen Gel 108x270,Lembar,94900,2026,Kabupaten Bandung,Perbup No.55 Tahun 2025
1.1.12.01.01.0001,Semen,material_umum,Serat Semen Gel 108x300,Lembar,105400,2026,Kabupaten Bandung,Perbup No.55 Tahun 2025
1.1.12.01.01.0001,Semen,material_umum,Serat Semen Gel 92x180,Lembar,29400,2026,Kabupaten Bandung,Perbup No.55 Tahun 2025
1.1.12.01.01.0001,Semen,material_umum,Serat Semen Gel 92x200,Lembar,34600,2026,Kabupaten Bandung,Perbup No.55 Tahun 2025
1.1.12.01.01.0001,Semen,material_umum,Serat Semen Gel 92x225,Lembar,41100,2026,Kabupaten Bandung,Perbup No.55 Tahun 2025
1.1.12.01.01.0001,Semen,material_umum,Serat Semen Gel 92x250,Lembar,52700,2026,Kabupaten Bandung,Perbup No.55 Tahun 2025
1.1.12.01.01.0001,Semen,material_umum,Serat Semen Lebar 20cm,M,41700,2026,Kabupaten Bandung,Perbup No.55 Tahun 2025
1.1.12.01.01.0001,Semen,material_umum,Serat Semen Lebar 30cm,M,53500,2026,Kabupaten Bandung,Perbup No.55 Tahun 2025
1.1.12.01.01.0001,Semen,material_umum,Warna,Kg,16500,2026,Kabupaten Bandung,Perbup No.55 Tahun 2025
1.1.12.01.01.0008,Tanah Subur,lainnya,,M3,8000,2026,Kabupaten Bandung,Perbup No.55 Tahun 2025
1.1.12.01.01.0008,"Tanah Subur, Tanah Lembang",lainnya,,M3,195700,2026,Kabupaten Bandung,Perbup No.55 Tahun 2025
1.1.12.01.01.0008,Benih Kacang Tanah,lainnya,,Kg,38500,2026,Kabupaten Bandung,Perbup No.55 Tahun 2025
1.1.12.01.01.0012,Bahan Lainnya,lainnya,Batu Asahan,Pcs,294677,2026,Kabupaten Bandung,Perbup No.55 Tahun 2025
1.1.12.01.01.0012,Bahan Lainnya,lainnya,Perangkat Uji Tanah Kering (Putk),Unit,4213300,2026,Kabupaten Bandung,Perbup No.55 Tahun 2025
1.1.12.01.01.0012,Bahan Lainnya,lainnya,Pinset/ Besi,Buah,44100,2026,Kabupaten Bandung,Perbup No.55 Tahun 2025
1.1.12.01.01.0012,Bahan Lainnya,lainnya,Semen Beku (Unsexing),Dosis,15700,2026,Kabupaten Bandung,Perbup No.55 Tahun 2025
1.1.12.01.01.0012,Bahan Lainnya,lainnya,Sikat Kawat Baja (Standard),Buah,23800,2026,Kabupaten Bandung,Perbup No.55 Tahun 2025
1.1.12.01.01.0012,Bahan Lainnya,lainnya,Tanah Top Soil,M3,57100,2026,Kabupaten Bandung,Perbup No.55 Tahun 2025
1.1.12.01.02.0007,Van Belt V Belt Cultivator Cakar Baja,lainnya,,Pcs,74954,2026,Kabupaten Bandung,Perbup No.55 Tahun 2025
1.1.12.01.03.0001,Alat Perekat,lainnya,Lem Fox Kayu,Kg,60700,2026,Kabupaten Bandung,Perbup No.55 Tahun 2025
1.1.12.01.03.0001,Penggaris,lainnya,Mistar Kayu 1 M,Buah,20800,2026,Kabupaten Bandung,Perbup No.55 Tahun 2025
1.1.12.01.03.0006,Patch Panel UTP Cat 6 4 Port dan Aksesoris,lainnya,,Unit,5961900,2026,Kabupaten Bandung,Perbup No.55 Tahun 2025
1.1.12.01.03.0006,Tinta/Toner Printer,lainnya,Cartridge - Canon IP 2770 Pg 810 Black Ink Catridge,Buah,452200,2026,Kabupaten Bandung,Perbup No.55 Tahun 2025
1.1.12.01.03.0006,Tinta/Toner Printer,lainnya,Cartridge - IP 2770 Cl 811 Color Ink Catridge,Buah,452200,2026,Kabupaten Bandung,Perbup No.55 Tahun 2025
1.1.12.01.03.0006,Tinta/Toner Printer,lainnya,Cartridge - Laser Jet - Catridge Laser Jet 107a,Unit,1207900,2026,Kabupaten Bandung,Perbup No.55 Tahun 2025
1.1.12.01.03.0006,Tinta/Toner Printer,lainnya,Toner Catridge 1080 (Mesin ADM),Unit,490043,2026,Kabupaten Bandung,Perbup No.55 Tahun 2025
1.1.12.01.03.0006,Tinta/Toner Printer,lainnya,Toner Catridge Color 119A,Unit,295000,2026,Kabupaten Bandung,Perbup No.55 Tahun 2025
1.1.12.01.03.0007,Alat Memasak,lainnya,Ulekan Kayu,Set,35700,2026,Kabupaten Bandung,Perbup No.55 Tahun 2025
1.1.12.01.03.0007,Sendok Kayu,lainnya,,Pcs,28600,2026,Kabupaten Bandung,Perbup No.55 Tahun 2025
1.1.12.01.03.0007,Pengki,lainnya,Pengki Kaleng gang Kayu,Buah,35700,2026,Kabupaten Bandung,Perbup No.55 Tahun 2025
1.1.12.01.03.0007,Pengki,lainnya,Pengki Pakai Plat Besi,Buah,53600,2026,Kabupaten Bandung,Perbup No.55 Tahun 2025
1.1.12.01.03.0007,Hiasan Dinding Wall Dekor Besi Bingkai Uk. 30 x 85 cm,lainnya,,Buah,416500,2026,Kabupaten Bandung,Perbup No.55 Tahun 2025
1.1.12.01.03.0007,Hiasan Dinding Wall Dekor Besi Bingkai Uk. 40 x 60 cm,lainnya,,Buah,297500,2026,Kabupaten Bandung,Perbup No.55 Tahun 2025
1.1.12.01.03.0007,"Pigura Kayu (P:55, L:35)",lainnya,,Buah,476000,2026,Kabupaten Bandung,Perbup No.55 Tahun 2025
1.1.12.01.03.0007,Roler Kayu,lainnya,,Pcs,35500,2026,Kabupaten Bandung,Perbup No.55 Tahun 2025
1.1.12.01.03.0008,Alat Listrik Lainnya,lainnya,Besi Grounding Earth,Batang,57200,2026,Kabupaten Bandung,Perbup No.55 Tahun 2025
1.1.12.01.03.0008,Alat Listrik Lainnya,lainnya,Tiang Besi PJU TS 7 m,Buah,2467700,2026,Kabupaten Bandung,Perbup No.55 Tahun 2025
1.1.12.01.03.0008,Batu Baterai,lainnya,,Unit,279700,2026,Kabupaten Bandung,Perbup No.55 Tahun 2025
1.1.12.01.03.0008,Batu Baterai,lainnya,Baterai VLRA 12 Volt 100 AH,Buah,3897300,2026,Kabupaten Bandung,Perbup No.55 Tahun 2025
1.1.12.01.03.0008,Batu Baterai,lainnya,"Baterai, 9 Volt",Buah,41700,2026,Kabupaten Bandung,Perbup No.55 Tahun 2025
1.1.12.01.03.0008,Batu Baterai,lainnya,"Baterai, CR",Buah,9600,2026,Kabupaten Bandung,Perbup No.55 Tahun 2025
1.1.12.01.03.0008,Batu Baterai,lainnya,"Baterai, Ukuran A2",Buah,6300,2026,Kabupaten Bandung,Perbup No.55 Tahun 2025
1.1.12.01.03.0008,Batu Baterai,lainnya,"Baterai, Ukuran A3",Buah,5400,2026,Kabupaten Bandung,Perbup No.55 Tahun 2025
1.1.12.01.03.0008,Batu Baterai,lainnya,"Baterai, Ukuran C",Buah,7100,2026,Kabupaten Bandung,Perbup No.55 Tahun 2025
1.1.12.01.03.0008,Batu Baterai,lainnya,"Baterai, Ukuran D",Buah,15800,2026,Kabupaten Bandung,Perbup No.55 Tahun 2025
1.1.12.01.03.0008,Batu Baterai,lainnya,Batrai Cmos,Buah,16500,2026,Kabupaten Bandung,Perbup No.55 Tahun 2025
1.1.12.01.03.0008,Batu Baterai,lainnya,Batu baterai A2 (pasang),Pasang,16700,2026,Kabupaten Bandung,Perbup No.55 Tahun 2025
1.1.12.01.03.0008,Batu Baterai,lainnya,Batu baterai A3,Pasang,17900,2026,Kabupaten Bandung,Perbup No.55 Tahun 2025
1.1.12.01.03.0009,Hairnet Baja,lainnya,,Buah,15000,2026,Kabupaten Bandung,Perbup No.55 Tahun 2025
1.1.12.01.03.0009,"Kalung Karset Pengantin Pria, Full Batu Alusan",lainnya,,Set,200000,2026,Kabupaten Bandung,Perbup No.55 Tahun 2025
1.1.12.01.03.0013,Kegiatan Kantor,lainnya,Cat Rambut,Buah,86000,2026,Kabupaten Bandung,Perbup No.55 Tahun 2025
1.1.12.01.03.0013,Kegiatan Kantor,lainnya,"Jepitan Kue, Besi Cromium",Pcs,74100,2026,Kabupaten Bandung,Perbup No.55 Tahun 2025
1.1.12.01.03.0013,Kegiatan Kantor,lainnya,"Kain Pernel Bayi, Catton",Pcs,148800,2026,Kabupaten Bandung,Perbup No.55 Tahun 2025
1.1.12.01.03.0013,Kegiatan Kantor,lainnya,Karung Plastik Isi Tanah,Buah,29800,2026,Kabupaten Bandung,Perbup No.55 Tahun 2025
1.1.12.01.03.0013,Kegiatan Kantor,lainnya,Mangkok Cat,Buah,29800,2026,Kabupaten Bandung,Perbup No.55 Tahun 2025
1.1.12.01.03.0013,Kegiatan Kantor,lainnya,Pasir Silika,Kg,17900,2026,Kabupaten Bandung,Perbup No.55 Tahun 2025
1.1.12.01.03.0013,Kegiatan Kantor,lainnya,"Selimut Katun, Catton",Pcs,297500,2026,Kabupaten Bandung,Perbup No.55 Tahun 2025
1.1.12.01.03.0013,Kegiatan Kantor,lainnya,Sisir Cat,Buah,15500,2026,Kabupaten Bandung,Perbup No.55 Tahun 2025
1.1.12.01.03.0013,Kegiatan Kantor,lainnya,Tiang Bendera Kayu dalam Ruangan,Buah,654500,2026,Kabupaten Bandung,Perbup No.55 Tahun 2025
1.1.12.01.04.0001,Obat,lainnya,"Obat Batuk Herbal (Herbakof) Syr, botol 100 ml",Botol,17700,2026,Kabupaten Bandung,Perbup No.55 Tahun 2025
1.1.12.01.04.0001,Obat,lainnya,"Obat Batuk Herbal (Herbakof) Syr, botol 100 ml",Tablet,12890,2026,Kabupaten Bandung,Perbup No.55 Tahun 2025
1.1.12.01.04.0001,Obat,lainnya,"Obat Batuk Herbal (Herbakof) Syr, Botol 100ml",Botol,18219,2026,Kabupaten Bandung,Perbup No.55 Tahun 2025
1.1.12.01.04.0001,Obat,lainnya,Obat Batuk Hitam (OBH Syr ),Botol,8600,2026,Kabupaten Bandung,Perbup No.55 Tahun 2025
1.1.12.01.04.0002,Catgut 2/0 pcs,lainnya,,Pcs,77100,2026,Kabupaten Bandung,Perbup No.55 Tahun 2025
1.1.12.01.04.0002,Catgut 3/0 pcs,lainnya,,Pcs,73200,2026,Kabupaten Bandung,Perbup No.55 Tahun 2025
1.1.12.01.04.0002,Folley Cath 2-way No. 16 pcs,lainnya,,Pcs,14900,2026,Kabupaten Bandung,Perbup No.55 Tahun 2025
1.1.12.01.04.0002,Folley Cath 2-way No. 18 pcs,lainnya,,Pcs,14900,2026,Kabupaten Bandung,Perbup No.55 Tahun 2025
1.1.12.01.04.0002,Suction Catheter No 10,lainnya,,Pcs,17305,2026,Kabupaten Bandung,Perbup No.55 Tahun 2025
1.1.12.01.04.0002,Suction Catheter No 12,lainnya,,Pcs,21368,2026,Kabupaten Bandung,Perbup No.55 Tahun 2025
1.1.12.01.04.0002,Suction Catheter No 14,lainnya,,Pcs,17300,2026,Kabupaten Bandung,Perbup No.55 Tahun 2025
1.1.12.01.04.0002,Suction Catheter No 16,lainnya,,Pcs,13500,2026,Kabupaten Bandung,Perbup No.55 Tahun 2025
1.1.12.01.04.0002,Suction Catheter No 8,lainnya,,Pcs,17250,2026,Kabupaten Bandung,Perbup No.55 Tahun 2025
1.1.12.01.04.0002,T-Cromic Catgut Chromic 1 C55,lainnya,,Pcs,72261,2026,Kabupaten Bandung,Perbup No.55 Tahun 2025
1.1.12.01.04.0002,T-Cromic Catgut Chromic 3-0 C43,lainnya,,Pcs,58275,2026,Kabupaten Bandung,Perbup No.55 Tahun 2025
1.1.12.01.04.0002,T-Cromic Catgut Chromic 4-0 C56,lainnya,,Pcs,66600,2026,Kabupaten Bandung,Perbup No.55 Tahun 2025
1.1.12.01.04.0002,"Uro One Foley Catheter 2 way, FR16, FR18",lainnya,,Box,109700,2026,Kabupaten Bandung,Perbup No.55 Tahun 2025
1.1.12.01.07.0001,Makanan,lainnya,Kacang Tanah,Kg,53400,2026,Kabupaten Bandung,Perbup No.55 Tahun 2025
1.1.12.01.07.0001,Natura Lainnya,lainnya,Gula Pasir,Kg,19800,2026,Kabupaten Bandung,Perbup No.55 Tahun 2025
1.1.12.01.07.0001,Natura Lainnya,lainnya,"Gula Pasir Kemasan 1 Kg, SNI",Kg,24400,2026,Kabupaten Bandung,Perbup No.55 Tahun 2025
1.1.12.01.07.0001,Natura Lainnya,lainnya,"Gula Pasir subsidi, Kemasan",Kg,17400,2026,Kabupaten Bandung,Perbup No.55 Tahun 2025
1.1.12.02.02.0003,Pipa Baja Lainnya,lainnya,Pipa Baja 150 mm,Batang,455200,2026,Kabupaten Bandung,Perbup No.55 Tahun 2025
1.1.12.02.02.0003,Pipa Baja Lainnya,lainnya,Pipa Baja Karbon Ø 1000mm,M,2882600,2026,Kabupaten Bandung,Perbup No.55 Tahun 2025
1.1.12.02.02.0003,Pipa Baja Lainnya,lainnya,Pipa Baja Karbon Ø 100mm,M,282100,2026,Kabupaten Bandung,Perbup No.55 Tahun 2025
1.1.12.02.02.0003,Pipa Baja Lainnya,lainnya,Pipa Baja Karbon Ø 1100mm,M,3063400,2026,Kabupaten Bandung,Perbup No.55 Tahun 2025
1.1.12.02.02.0003,Pipa Baja Lainnya,lainnya,Pipa Baja Karbon Ø 1200mm,M,3357700,2026,Kabupaten Bandung,Perbup No.55 Tahun 2025
1.1.12.02.02.0003,Pipa Baja Lainnya,lainnya,Pipa Baja Karbon Ø 125mm,M,379600,2026,Kabupaten Bandung,Perbup No.55 Tahun 2025
1.1.12.02.02.0003,Pipa Baja Lainnya,lainnya,Pipa Baja Karbon Ø 150mm,M,440500,2026,Kabupaten Bandung,Perbup No.55 Tahun 2025
1.1.12.02.02.0003,Pipa Baja Lainnya,lainnya,Pipa Baja Karbon Ø 200mm,M,620600,2026,Kabupaten Bandung,Perbup No.55 Tahun 2025
1.1.12.02.02.0003,Pipa Baja Lainnya,lainnya,Pipa Baja Karbon Ø 250mm,M,799300,2026,Kabupaten Bandung,Perbup No.55 Tahun 2025
1.1.12.02.02.0003,Pipa Baja Lainnya,lainnya,Pipa Baja Karbon Ø 300mm,M,969400,2026,Kabupaten Bandung,Perbup No.55 Tahun 2025
1.1.12.02.02.0003,Pipa Baja Lainnya,lainnya,Pipa Baja Karbon Ø 400mm,M,1322500,2026,Kabupaten Bandung,Perbup No.55 Tahun 2025
1.1.12.02.02.0003,Pipa Baja Lainnya,lainnya,Pipa Baja Karbon Ø 450mm,M,1494800,2026,Kabupaten Bandung,Perbup No.55 Tahun 2025
1.1.12.02.02.0003,Pipa Baja Lainnya,lainnya,Pipa Baja Karbon Ø 500mm,M,1693800,2026,Kabupaten Bandung,Perbup No.55 Tahun 2025
1.1.12.02.02.0003,Pipa Baja Lainnya,lainnya,Pipa Baja Karbon Ø 600mm,M,2299400,2026,Kabupaten Bandung,Perbup No.55 Tahun 2025
1.1.12.02.02.0003,Pipa Baja Lainnya,lainnya,Pipa Baja Karbon Ø 63mm,M,150900,2026,Kabupaten Bandung,Perbup No.55 Tahun 2025
1.1.12.02.02.0003,Pipa Baja Lainnya,lainnya,Pipa Baja Karbon Ø 800mm,M,2546000,2026,Kabupaten Bandung,Perbup No.55 Tahun 2025
1.1.12.02.02.0003,Pipa Baja Lainnya,lainnya,Pipa Baja Karbon Ø 900mm,M,2716700,2026,Kabupaten Bandung,Perbup No.55 Tahun 2025
1.1.12.02.02.0003,Pipa Baja Lainnya,lainnya,"Pipa BS SCH 40 ; Dia. 1"" ; (25 mm) + Fitting & Aksesoris",M,51700,2026,Kabupaten Bandung,Perbup No.55 Tahun 2025
1.1.12.02.02.0003,Pipa Baja Lainnya,lainnya,,M,27000,2026,Kabupaten Bandung,Perbup No.55 Tahun 2025
1.1.12.02.02.0003,Pipa Baja Lainnya,lainnya,,M,1112300,2026,Kabupaten Bandung,Perbup No.55 Tahun 2025
1.1.12.02.02.0003,Pipa Baja Lainnya,lainnya,,M,84300,2026,Kabupaten Bandung,Perbup No.55 Tahun 2025
1.1.12.02.02.0003,Pipa Baja Lainnya,lainnya,,M,70400,2026,Kabupaten Bandung,Perbup No.55 Tahun 2025
1.1.12.02.02.0003,Pipa Baja Lainnya,lainnya,,M,1404900,2026,Kabupaten Bandung,Perbup No.55 Tahun 2025
1.1.12.02.02.0003,Pipa Baja Lainnya,lainnya,,M,1705800,2026,Kabupaten Bandung,Perbup No.55 Tahun 2025
1.1.12.02.02.0003,Pipa Baja Lainnya,lainnya,,M,2022300,2026,Kabupaten Bandung,Perbup No.55 Tahun 2025
1.1.12.02.02.0003,Pipa Baja Lainnya,lainnya,"Pipa BS SCH 40 ; Dia. 2"" ; (50 mm) + Fitting & Aksesoris",M,111800,2026,Kabupaten Bandung,Perbup No.55 Tahun 2025
1.1.12.02.02.0003,Pipa Baja Lainnya,lainnya,,M,177900,2026,Kabupaten Bandung,Perbup No.55 Tahun 2025
1.1.12.02.02.0003,Pipa Baja Lainnya,lainnya,"Pipa BS SCH 40 ; Dia. 3"" ; (80 mm) + Fitting & Aksesoris",M,230900,2026,Kabupaten Bandung,Perbup No.55 Tahun 2025
1.1.12.02.02.0003,Pipa Baja Lainnya,lainnya,,M,35600,2026,Kabupaten Bandung,Perbup No.55 Tahun 2025
1.1.12.02.02.0003,Pipa Baja Lainnya,lainnya,"Pipa BS SCH 40 ; Dia. 4"" ; (100 mm) + Fitting & Aksesoris",M,332600,2026,Kabupaten Bandung,Perbup No.55 Tahun 2025
1.1.12.02.02.0003,Pipa Baja Lainnya,lainnya,"Pipa BS SCH 40 ; Dia. 5"" ; (125 mm) + Fitting & Aksesoris",M,450300,2026,Kabupaten Bandung,Perbup No.55 Tahun 2025
1.1.12.02.02.0003,Pipa Baja Lainnya,lainnya,"Pipa BS SCH 40 ; Dia. 6"" ; (150 mm) + Fitting & Aksesoris",M,579600,2026,Kabupaten Bandung,Perbup No.55 Tahun 2025
1.1.12.02.02.0003,Pipa Baja Lainnya,lainnya,"Pipa BS SCH 40 ; Dia. 8"" ; (200 mm) + Fitting & Aksesoris",M,882800,2026,Kabupaten Bandung,Perbup No.55 Tahun 2025
1.1.12.02.02.0003,Pipa Baja Lainnya,lainnya,Pipa DCI Ø 1000mm,M,3515000,2026,Kabupaten Bandung,Perbup No.55 Tahun 2025
1.1.12.02.02.0003,Pipa Baja Lainnya,lainnya,Pipa DCI Ø 100mm,M,441300,2026,Kabupaten Bandung,Perbup No.55 Tahun 2025
1.1.12.02.02.0003,Pipa Baja Lainnya,lainnya,Pipa DCI Ø 1100mm,M,2668600,2026,Kabupaten Bandung,Perbup No.55 Tahun 2025
1.1.12.02.02.0003,Pipa Baja Lainnya,lainnya,Pipa DCI Ø 1200mm,M,2865500,2026,Kabupaten Bandung,Perbup No.55 Tahun 2025
1.1.12.02.02.0003,Pipa Baja Lainnya,lainnya,Pipa DCI Ø 125mm,M,616300,2026,Kabupaten Bandung,Perbup No.55 Tahun 2025
1.1.12.02.02.0003,Pipa Baja Lainnya,lainnya,Pipa DCI Ø 150mm,M,816700,2026,Kabupaten Bandung,Perbup No.55 Tahun 2025
1.1.12.02.02.0003,Pipa Baja Lainnya,lainnya,Pipa DCI Ø 200mm,M,1048100,2026,Kabupaten Bandung,Perbup No.55 Tahun 2025
1.1.12.02.02.0003,Pipa Baja Lainnya,lainnya,Pipa DCI Ø 250mm,M,1335400,2026,Kabupaten Bandung,Perbup No.55 Tahun 2025
1.1.12.02.02.0003,Pipa Baja Lainnya,lainnya,Pipa DCI Ø 300mm,M,1637100,2026,Kabupaten Bandung,Perbup No.55 Tahun 2025
1.1.12.02.02.0003,Pipa Baja Lainnya,lainnya,Pipa DCI Ø 400mm,M,1914200,2026,Kabupaten Bandung,Perbup No.55 Tahun 2025
1.1.12.02.02.0003,Pipa Baja Lainnya,lainnya,Pipa DCI Ø 450mm,M,2036200,2026,Kabupaten Bandung,Perbup No.55 Tahun 2025
1.1.12.02.02.0003,Pipa Baja Lainnya,lainnya,Pipa DCI Ø 500mm,M,2232000,2026,Kabupaten Bandung,Perbup No.55 Tahun 2025
1.1.12.02.02.0003,Pipa Baja Lainnya,lainnya,Pipa DCI Ø 600mm,M,2725300,2026,Kabupaten Bandung,Perbup No.55 Tahun 2025
1.1.12.02.02.0003,Pipa Baja Lainnya,lainnya,Pipa DCI Ø 800mm,M,2962800,2026,Kabupaten Bandung,Perbup No.55 Tahun 2025
1.1.12.02.02.0003,Pipa Baja Lainnya,lainnya,Pipa DCI Ø 900mm,M,3159700,2026,Kabupaten Bandung,Perbup No.55 Tahun 2025
1.1.12.02.02.0003,Pipa Baja Lainnya,lainnya,"Pipa Sch 40 dia 2""",Batang,167200,2026,Kabupaten Bandung,Perbup No.55 Tahun 2025
1.1.12.02.02.0003,Pipa Baja Lainnya,lainnya,"Pipa Sch 40 dia 3""",Batang,643300,2026,Kabupaten Bandung,Perbup No.55 Tahun 2025
1.1.12.02.02.0003,Pipa Baja Lainnya,lainnya,"Pipa Sch 40 dia 4""",Batang,1211300,2026,Kabupaten Bandung,Perbup No.55 Tahun 2025
1.1.12.02.02.0003,Pipa Baja Lainnya,lainnya,"Pipa Sch 40 dia 6""",Batang,1744600,2026,Kabupaten Bandung,Perbup No.55 Tahun 2025
1.1.12.02.02.0003,"Besi Pipa (0,6 x 5 Ø 3"")",lainnya,,Buah,7300,2026,Kabupaten Bandung,Perbup No.55 Tahun 2025
1.1.12.02.02.0003,"Besi Pipa Galvanis 0.75""",lainnya,,Batang,121800,2026,Kabupaten Bandung,Perbup No.55 Tahun 2025
1.1.12.02.02.0003,"Besi Pipa Galvanis 1""",lainnya,,Batang,180900,2026,Kabupaten Bandung,Perbup No.55 Tahun 2025
1.1.12.02.02.0003,"Besi Pipa Galvanis 1,5 inch",lainnya,,M,53300,2026,Kabupaten Bandung,Perbup No.55 Tahun 2025
1.1.12.02.02.0003,"Besi Pipa Galvanis 1.25""",lainnya,,Batang,199700,2026,Kabupaten Bandung,Perbup No.55 Tahun 2025
1.1.12.02.02.0003,Besi Pipa Galvanis 2 inch,lainnya,,M,83800,2026,Kabupaten Bandung,Perbup No.55 Tahun 2025
1.1.12.02.02.0003,Pipa Besi Hitam Dia. 1 Inch,lainnya,,M,171200,2026,Kabupaten Bandung,Perbup No.55 Tahun 2025
1.1.12.02.02.0003,Pipa Besi Hitam Dia. 1.5 Inch,lainnya,,M,242900,2026,Kabupaten Bandung,Perbup No.55 Tahun 2025
1.1.12.02.02.0003,Pipa Besi Hitam Dia. 2 Inch,lainnya,,M,316700,2026,Kabupaten Bandung,Perbup No.55 Tahun 2025
1.1.12.02.02.0003,Pipa Besi Hitam Dia. 3 Inch,lainnya,,M,344000,2026,Kabupaten Bandung,Perbup No.55 Tahun 2025
1.1.12.02.02.0004,Pipa Beton Pratekan,lainnya,Pipa Beton betulang 100/100 cm,M,1630700,2026,Kabupaten Bandung,Perbup No.55 Tahun 2025
1.1.12.02.02.0004,Pipa Beton Pratekan,lainnya,Pipa Beton betulang 120/100 cm,M,605400,2026,Kabupaten Bandung,Perbup No.55 Tahun 2025
1.1.12.02.02.0004,Pipa Beton Pratekan,lainnya,Pipa Beton betulang 60/100 cm,M,427800,2026,Kabupaten Bandung,Perbup No.55 Tahun 2025
1.1.12.02.02.0004,Pipa Beton Pratekan,lainnya,Pipa Beton betulang 80/100 cm,M,1096800,2026,Kabupaten Bandung,Perbup No.55 Tahun 2025
1.1.12.02.02.0004,Pipa Beton Pratekan,lainnya,Pipa Beton Dia. 1000mm,M1,1980000,2026,Kabupaten Bandung,Perbup No.55 Tahun 2025
1.1.12.02.02.0004,Pipa Beton Pratekan,lainnya,Pipa Beton Dia. 1200mm,M1,2103000,2026,Kabupaten Bandung,Perbup No.55 Tahun 2025
1.1.12.02.02.0004,Pipa Beton Pratekan,lainnya,Pipa Beton Dia. 200mm,M1,300000,2026,Kabupaten Bandung,Perbup No.55 Tahun 2025
1.1.12.02.02.0004,Pipa Beton Pratekan,lainnya,Pipa Beton Dia. 300mm,M1,390000,2026,Kabupaten Bandung,Perbup No.55 Tahun 2025
1.1.12.02.02.0004,Pipa Beton Pratekan,lainnya,Pipa Beton Dia. 400mm,M1,530000,2026,Kabupaten Bandung,Perbup No.55 Tahun 2025
1.1.12.02.02.0004,Pipa Beton Pratekan,lainnya,Pipa Beton Dia. 500mm,M1,700000,2026,Kabupaten Bandung,Perbup No.55 Tahun 2025
1.1.12.02.02.0004,Pipa Beton Pratekan,lainnya,Pipa Beton Dia. 600mm,M1,960000,2026,Kabupaten Bandung,Perbup No.55 Tahun 2025
1.1.12.02.02.0004,Pipa Beton Pratekan,lainnya,Pipa Beton Dia. 700mm,M1,1080000,2026,Kabupaten Bandung,Perbup No.55 Tahun 2025
1.1.12.02.02.0004,Pipa Beton Pratekan,lainnya,Pipa Beton Dia. 800mm,M1,1390000,2026,Kabupaten Bandung,Perbup No.55 Tahun 2025
1.1.12.02.02.0004,Pipa Beton Pratekan,lainnya,"Pipa Beton jeking pracetak Uk. 0,80/2,43 M",M,1609500,2026,Kabupaten Bandung,Perbup No.55 Tahun 2025
1.1.12.02.02.0004,Pipa Beton Pratekan,lainnya,"Pipa Beton jeking pracetak Uk. 1,10/2,43 M",M,3072600,2026,Kabupaten Bandung,Perbup No.55 Tahun 2025
1.1.12.02.02.0004,Pipa Beton Pratekan,lainnya,"Pipa Beton jeking pracetak Uk. 1,35/2,43 M",M,4379400,2026,Kabupaten Bandung,Perbup No.55 Tahun 2025
1.1.12.02.02.0004,Pipa Beton Pratekan,lainnya,"Pipa Beton jeking pracetak Uk. 1,50/2,43 M",M,5277200,2026,Kabupaten Bandung,Perbup No.55 Tahun 2025
1.1.12.02.02.0004,Pipa Beton Pratekan,lainnya,"Pipa Beton jeking pracetak Uk. 1,80/2,43 M",M,6819800,2026,Kabupaten Bandung,Perbup No.55 Tahun 2025
1.1.12.02.02.0004,Pipa Beton Pratekan,lainnya,"Pipa Beton jeking pracetak Uk. 2,00/2,43 M",M,8725600,2026,Kabupaten Bandung,Perbup No.55 Tahun 2025
1.1.12.02.02.0007,Pipa Lainnya,lainnya,Pipa Tanah Dia. 15 - 20cm,Buah,320100,2026,Kabupaten Bandung,Perbup No.55 Tahun 2025
1.1.12.02.02.0007,Pipa Lainnya,lainnya,Pipa Tanah Dia. 15cm,M,320100,2026,Kabupaten Bandung,Perbup No.55 Tahun 2025
1.1.12.02.02.0007,Pipa Lainnya,lainnya,Pipa Tanah Dia. 20cm,M,288100,2026,Kabupaten Bandung,Perbup No.55 Tahun 2025
1.1.12.02.02.0007,Pipa Lainnya,lainnya,Pipa Tanah Dia. 30 - 100cm,Buah,338500,2026,Kabupaten Bandung,Perbup No.55 Tahun 2025
1.3.02.01.03.0006,Mesin Bor Tanah,lainnya,Jack Hammer,Buah,6500000,2026,Kabupaten Bandung,Perbup No.55 Tahun 2025
1.3.02.02.01.0005,Cator,lainnya,Pengangkutan Sampah,Unit,38929500,2026,Kabupaten Bandung,Perbup No.55 Tahun 2025
1.3.02.02.01.0005,Cator Sampah,lainnya,Motor Roda Tiga Sampah 200 cc (MB 200 M/T VIN 2024),Unit,38899999,2026,Kabupaten Bandung,Perbup No.55 Tahun 2025
1.3.02.03.02.0007,Gergaji,lainnya,Gergaji Besi,Buah,20200,2026,Kabupaten Bandung,Perbup No.55 Tahun 2025
1.3.02.03.02.0007,Palu,lainnya,Palu Batu Dengan Pegangan Fiberglass 1500 Gr,Pcs,191304,2026,Kabupaten Bandung,Perbup No.55 Tahun 2025
1.3.02.03.02.0007,Alat Penyambung Beton Uk. 20x20cm,lainnya,,Buah,119000,2026,Kabupaten Bandung,Perbup No.55 Tahun 2025
1.3.02.03.02.0007,Alat Penyambung Beton Uk. 25x25cm,lainnya,,Buah,140400,2026,Kabupaten Bandung,Perbup No.55 Tahun 2025
1.3.02.03.02.0007,Alat Penyambung Beton Uk. 30x30cm,lainnya,,Buah,154700,2026,Kabupaten Bandung,Perbup No.55 Tahun 2025
1.3.02.03.02.0007,Alat Penyambung Beton Uk. 35x35cm,lainnya,,Buah,184500,2026,Kabupaten Bandung,Perbup No.55 Tahun 2025
1.3.02.03.02.0007,Alat Penyambung Beton Uk. 40x40cm,lainnya,,Buah,255900,2026,Kabupaten Bandung,Perbup No.55 Tahun 2025
1.3.02.03.02.0007,Alat Penyambung Beton Uk. 45x45cm,lainnya,,Buah,327300,2026,Kabupaten Bandung,Perbup No.55 Tahun 2025
1.3.02.03.02.0007,Alat Penyambung Beton Uk. 50x50cm,lainnya,,Buah,411700,2026,Kabupaten Bandung,Perbup No.55 Tahun 2025
1.3.02.03.02.0007,Alat Penyambung Beton Uk. Ø 30cm,lainnya,,Buah,178500,2026,Kabupaten Bandung,Perbup No.55 Tahun 2025
1.3.02.03.02.0007,Alat Penyambung Beton Uk. Ø 35cm,lainnya,,Buah,226100,2026,Kabupaten Bandung,Perbup No.55 Tahun 2025
1.3.02.03.02.0007,Alat Penyambung Beton Uk. Ø 40cm,lainnya,,Buah,297500,2026,Kabupaten Bandung,Perbup No.55 Tahun 2025
1.3.02.03.02.0007,Alat Penyambung Beton Uk. Ø 45cm,lainnya,,Buah,357000,2026,Kabupaten Bandung,Perbup No.55 Tahun 2025
1.3.02.03.02.0007,Alat Penyambung Beton Uk. Ø 50cm,lainnya,,Buah,446300,2026,Kabupaten Bandung,Perbup No.55 Tahun 2025
1.3.02.03.02.0007,Alat Penyambung Beton Uk. Ø 60cm,lainnya,,Buah,571200,2026,Kabupaten Bandung,Perbup No.55 Tahun 2025
1.3.02.03.02.0009,Alat Sambung Kayu Terbuat dari Baja Ø 18 - 20cm,lainnya,,Buah,178500,2026,Kabupaten Bandung,Perbup No.55 Tahun 2025
1.3.02.03.03.0001,Ph Meter Tanah,lainnya,,Unit,1928365,2026,Kabupaten Bandung,Perbup No.55 Tahun 2025
1.3.02.04.01.0001,Tanah Dan,lainnya,Corn Seeder/Planter,Unit,4023266,2026,Kabupaten Bandung,Perbup No.55 Tahun 2025
1.3.02.04.01.0001,Tanah Dan,lainnya,Rotary Tiller Untuk Traktor Roda 4,Unit,26532330,2026,Kabupaten Bandung,Perbup No.55 Tahun 2025
1.3.02.04.01.0001,Tanah Dan,lainnya,Singkup Baja,Buah,125200,2026,Kabupaten Bandung,Perbup No.55 Tahun 2025
1.3.02.04.01.0001,Garu,lainnya,Gacok Baja,Buah,175000,2026,Kabupaten Bandung,Perbup No.55 Tahun 2025
1.3.02.04.01.0001,Sekop,lainnya,Sekop Gagang Besi,Buah,130425,2026,Kabupaten Bandung,Perbup No.55 Tahun 2025
1.3.02.04.01.0002,Arit,lainnya,Sabit Baja,Buah,190000,2026,Kabupaten Bandung,Perbup No.55 Tahun 2025
1.3.02.04.01.0002,Arit,lainnya,Sabit Rumput Bahan Baja,Buah,53345,2026,Kabupaten Bandung,Perbup No.55 Tahun 2025
1.3.02.04.01.0009,"Wadah Budidaya Magot, Bak Bahan Kayu Dan Terpal",lainnya,,Unit,2755300,2026,Kabupaten Bandung,Perbup No.55 Tahun 2025
1.3.02.05.01.0004,Filing Cabinet Besi,lainnya,"File Cabinet,",Unit,4089600,2026,Kabupaten Bandung,Perbup No.55 Tahun 2025
1.3.02.05.01.0004,Filing Cabinet Besi,lainnya,"Filing Cabinet, B 102 Dua Laci 73,5 62 45,5",Buah,2612500,2026,Kabupaten Bandung,Perbup No.55 Tahun 2025
1.3.02.05.01.0004,Filing Cabinet Besi,lainnya,"Filing Cabinet, B 103 Tiga Laci 103,5 62 45,5",Buah,3491300,2026,Kabupaten Bandung,Perbup No.55 Tahun 2025
1.3.02.05.01.0004,Filing Cabinet Besi,lainnya,"Filing Cabinet, B 104 Empat Laci 133,5 62 45,5",Buah,4938500,2026,Kabupaten Bandung,Perbup No.55 Tahun 2025
1.3.02.05.01.0004,Filing Cabinet Besi,lainnya,Filling Besi/Metal,Buah,3525400,2026,Kabupaten Bandung,Perbup No.55 Tahun 2025
1.3.02.05.01.0004,Filing Cabinet Besi,lainnya,"Filling Cabinet,",Unit,8177900,2026,Kabupaten Bandung,Perbup No.55 Tahun 2025
1.3.02.05.01.0004,Filing Cabinet Besi,lainnya,Filling Kabinet 4 Door,Buah,4165000,2026,Kabupaten Bandung,Perbup No.55 Tahun 2025
1.3.02.05.01.0004,Filing Cabinet Besi,lainnya,Filling Kabinet A18,Buah,4251000,2026,Kabupaten Bandung,Perbup No.55 Tahun 2025
1.3.02.05.01.0004,Filing Cabinet Besi,lainnya,Filling Kabinet Locker 3 Door,Buah,3166900,2026,Kabupaten Bandung,Perbup No.55 Tahun 2025
1.3.02.05.01.0004,Filing Cabinet Besi,lainnya,Filling Kabinet Locker 4 Door,Buah,3505500,2026,Kabupaten Bandung,Perbup No.55 Tahun 2025
1.3.02.05.01.0004,Filing Cabinet Besi,lainnya,Filling Kabinet M3,Buah,1088100,2026,Kabupaten Bandung,Perbup No.55 Tahun 2025
1.3.02.05.01.0004,Filing Cabinet Besi,lainnya,Filling Kabinet Vip V 601,Buah,4298300,2026,Kabupaten Bandung,Perbup No.55 Tahun 2025
1.3.02.05.01.0004,Filing Cabinet Besi,lainnya,Filling Kabinet Vip V 603,Buah,4100700,2026,Kabupaten Bandung,Perbup No.55 Tahun 2025
1.3.02.05.01.0004,Filing Cabinet Besi,lainnya,Rack Cabinet dan Aksesoris,Unit,8177900,2026,Kabupaten Bandung,Perbup No.55 Tahun 2025
1.3.02.05.01.0004,Filing Cabinet Kayu,lainnya,Filling Kayu,Buah,2380000,2026,Kabupaten Bandung,Perbup No.55 Tahun 2025
1.3.02.05.01.0004,Lemari Besi/Metal,lainnya,Kotak Literasi BEDAS Smart (KOLEBAT),Unit,7059400,2026,Kabupaten Bandung,Perbup No.55 Tahun 2025
1.3.02.05.01.0004,Lemari Besi/Metal,lainnya,"Lemari Arsip, Lemari Besi Dua Pintu",Unit,4937400,2026,Kabupaten Bandung,Perbup No.55 Tahun 2025
1.3.02.05.01.0004,Lemari Besi/Metal,lainnya,Lemari Narkotika,Unit,12800000,2026,Kabupaten Bandung,Perbup No.55 Tahun 2025
1.3.02.05.01.0004,Lemari Besi/Metal,lainnya,"Lemari, Besi",Unit,5339400,2026,Kabupaten Bandung,Perbup No.55 Tahun 2025
1.3.02.05.01.0004,Lemari Besi/Metal,lainnya,"Lemari, Besi 180x115x39 Cm",Buah,5092600,2026,Kabupaten Bandung,Perbup No.55 Tahun 2025
1.3.02.05.01.0004,Lemari Besi/Metal,lainnya,"Lemari, Besi Dua Pintu",Unit,5027000,2026,Kabupaten Bandung,Perbup No.55 Tahun 2025
1.3.02.05.01.0004,Lemari Besi/Metal,lainnya,"Lemari, Besi Pintu Kaca",Unit,5642700,2026,Kabupaten Bandung,Perbup No.55 Tahun 2025
1.3.02.05.01.0004,Lemari Besi/Metal,lainnya,"Lemari, Besi Pintu Kaca Geser",Buah,5159100,2026,Kabupaten Bandung,Perbup No.55 Tahun 2025
1.3.02.05.01.0004,Lemari Besi/Metal,lainnya,"Lemari, Mobile File System 4",Set,44085700,2026,Kabupaten Bandung,Perbup No.55 Tahun 2025
1.3.02.05.01.0004,Lemari Kayu,lainnya,Lemari Buku Siswa PAUD Type RBP-1B,Unit,2069400,2026,Kabupaten Bandung,Perbup No.55 Tahun 2025
1.3.02.05.01.0004,Lemari Kayu,lainnya,Lemari Dapur Bahan Kayu,Buah,1600000,2026,Kabupaten Bandung,Perbup No.55 Tahun 2025
1.3.02.05.01.0004,Lemari Kayu,lainnya,Bidang Dalam Berbahan MDF UKURAN P x L x T (cm) =,Unit,7284000,2026,Kabupaten Bandung,Perbup No.55 Tahun 2025
1.3.02.05.01.0004,Lemari Kayu,lainnya,Lemari Guru,Buah,3748500,2026,Kabupaten Bandung,Perbup No.55 Tahun 2025
1.3.02.05.01.0004,Lemari Kayu,lainnya,Lemari Kartografi Arsip,Unit,19694500,2026,Kabupaten Bandung,Perbup No.55 Tahun 2025
1.3.02.05.01.0004,Lemari Kayu,lainnya,Lemari Kelas LKS-101,Unit,6086500,2026,Kabupaten Bandung,Perbup No.55 Tahun 2025
1.3.02.05.01.0004,Lemari Kayu,lainnya,"Lemari, Arsip/Buku Partisi",Buah,4854800,2026,Kabupaten Bandung,Perbup No.55 Tahun 2025
1.3.02.05.01.0004,Lemari Kayu,lainnya,"Lemari, Kayu",Buah,2537800,2026,Kabupaten Bandung,Perbup No.55 Tahun 2025
1.3.02.05.01.0004,Lemari Kayu,lainnya,"Lemari, Pakaian",Buah,6036800,2026,Kabupaten Bandung,Perbup No.55 Tahun 2025
1.3.02.05.01.0004,Lemari Kayu,lainnya,,Unit,6709400,2026,Kabupaten Bandung,Perbup No.55 Tahun 2025
1.3.02.05.01.0004,Rak Besi,lainnya,Lemari Arsip Roll O Pack Mekanik SAN 60 Rak,Unit,116620000,2026,Kabupaten Bandung,Perbup No.55 Tahun 2025
1.3.02.05.01.0004,Rak Besi,lainnya,Rak,Buah,1974900,2026,Kabupaten Bandung,Perbup No.55 Tahun 2025
1.3.02.05.01.0004,Rak Besi,lainnya,Rak Besi 6 Tingkat,Buah,4216500,2026,Kabupaten Bandung,Perbup No.55 Tahun 2025
1.3.02.05.01.0004,Rak Besi,lainnya,Rak Besi Sederhana,Unit,1190000,2026,Kabupaten Bandung,Perbup No.55 Tahun 2025
1.3.02.05.01.0004,Rak Besi,lainnya,,Unit,3107200,2026,Kabupaten Bandung,Perbup No.55 Tahun 2025
1.3.02.05.01.0004,Rak Besi,lainnya,,Unit,4350200,2026,Kabupaten Bandung,Perbup No.55 Tahun 2025
1.3.02.05.01.0004,Rak Besi,lainnya,(tengah) ACP ukuran 3 mm (untuk alas) Steroform,Unit,3300000,2026,Kabupaten Bandung,Perbup No.55 Tahun 2025
1.3.02.05.01.0004,Rak Besi,lainnya,"Rak Buku Metal, 11117028217 Dimensi183x100x30 cm",Unit,3790400,2026,Kabupaten Bandung,Perbup No.55 Tahun 2025
1.3.02.05.01.0004,Rak Besi,lainnya,Wall Mounted Rack 15U dan aksesoris,Unit,1750000,2026,Kabupaten Bandung,Perbup No.55 Tahun 2025
1.3.02.05.01.0004,Rak Kayu,lainnya,halus dan rata. Bidang MDF permukaan halus dan,Unit,2903300,2026,Kabupaten Bandung,Perbup No.55 Tahun 2025
1.3.02.05.01.0004,Rak Kayu,lainnya,halus dan rata Bidang MDF permukaan halus dan rata,Unit,1805400,2026,Kabupaten Bandung,Perbup No.55 Tahun 2025
1.3.02.05.01.0004,Rak Kayu,lainnya,Rak Pajangan,Buah,2485800,2026,Kabupaten Bandung,Perbup No.55 Tahun 2025
1.3.02.05.01.0004,Rak Kayu,lainnya,dan rata BidangMDF permukaan halus dan rata UKURAN,Unit,4983500,2026,Kabupaten Bandung,Perbup No.55 Tahun 2025
1.3.02.05.01.0004,Rak Kayu,lainnya,"Rak, Kayu 4 Tingkat",Buah,340500,2026,Kabupaten Bandung,Perbup No.55 Tahun 2025
1.3.02.05.01.0005,Alat Kantor Lainnya,lainnya,"Plang Akrilik Bolak Balik Besi Siku,",Buah,934200,2026,Kabupaten Bandung,Perbup No.55 Tahun 2025
1.3.02.05.01.0005,Display,lainnya,"Plat Besi 1.2mm, Finishing Cat Duko, Lapis Sticker",Unit,5581100,2026,Kabupaten Bandung,Perbup No.55 Tahun 2025
1.3.02.05.02.0001,Bangku Sekolah,lainnya,Bahan Kayu Akasiana/Set,Buah,1261500,2026,Kabupaten Bandung,Perbup No.55 Tahun 2025
1.3.02.05.02.0001,Bangku Tunggu,lainnya,Pasien Kayu Rangka Besi,Buah,7467500,2026,Kabupaten Bandung,Perbup No.55 Tahun 2025
1.3.02.05.02.0001,Kursi Besi/Metal,lainnya,Kursi Baca Lokal,Buah,908000,2026,Kabupaten Bandung,Perbup No.55 Tahun 2025
1.3.02.05.02.0001,Kursi Besi/Metal,lainnya,Kursi Besi/Metal Chitose Stenles,Buah,811100,2026,Kabupaten Bandung,Perbup No.55 Tahun 2025
1.3.02.05.02.0001,Kursi Besi/Metal,lainnya,Kursi Guru KGR-101,Unit,1215500,2026,Kabupaten Bandung,Perbup No.55 Tahun 2025
1.3.02.05.02.0001,Kursi Besi/Metal,lainnya,"42 x 42 x 45/85, Plywood : dilapis busa dan oscar hitam",Unit,1273300,2026,Kabupaten Bandung,Perbup No.55 Tahun 2025
1.3.02.05.02.0001,Kursi Besi/Metal,lainnya,"kombinasi pipa bulat diameter 25,4mm dan 19,1mm.P x",Unit,659000,2026,Kabupaten Bandung,Perbup No.55 Tahun 2025
1.3.02.05.02.0001,Kursi Besi/Metal,lainnya,KURSI GURU/DOSEN KG-02,Unit,659000,2026,Kabupaten Bandung,Perbup No.55 Tahun 2025
1.3.02.05.02.0001,Kursi Besi/Metal,lainnya,Kursi Guru/Dosen/Pengajar KG-02,Unit,743000,2026,Kabupaten Bandung,Perbup No.55 Tahun 2025
1.3.02.05.02.0001,Kursi Besi/Metal,lainnya,,Unit,747100,2026,Kabupaten Bandung,Perbup No.55 Tahun 2025
1.3.02.05.02.0001,Kursi Besi/Metal,lainnya,"MDF: Lapis PVC. - besi/metal :Cat besi, ducco /powder",Unit,808700,2026,Kabupaten Bandung,Perbup No.55 Tahun 2025
1.3.02.05.02.0001,Kursi Besi/Metal,lainnya,Kursi Siswa MGR-101,Unit,993400,2026,Kabupaten Bandung,Perbup No.55 Tahun 2025
1.3.02.05.02.0001,Kursi Besi/Metal,lainnya,Kursi Siswa PAUD,Unit,358400,2026,Kabupaten Bandung,Perbup No.55 Tahun 2025
1.3.02.05.02.0001,Kursi Besi/Metal,lainnya,Kursi Siswa PAUD/TK/Anak Type KSP-7,Unit,332000,2026,Kabupaten Bandung,Perbup No.55 Tahun 2025
1.3.02.05.02.0001,Kursi Besi/Metal,lainnya,KURSI SISWA SMA/SMK KS-06PL,Unit,1399900,2026,Kabupaten Bandung,Perbup No.55 Tahun 2025
1.3.02.05.02.0001,Kursi Besi/Metal,lainnya,"Meubelair, Kursi Susun",Buah,710700,2026,Kabupaten Bandung,Perbup No.55 Tahun 2025
1.3.02.05.02.0001,Kursi Kayu,lainnya,,Unit,679500,2026,Kabupaten Bandung,Perbup No.55 Tahun 2025
1.3.02.05.02.0001,Kursi Kayu,lainnya,"kursi café, kayu",Unit,3840500,2026,Kabupaten Bandung,Perbup No.55 Tahun 2025
1.3.02.05.02.0001,Kursi Kayu,lainnya,Kursi cafe/bar biasa,Buah,934200,2026,Kabupaten Bandung,Perbup No.55 Tahun 2025
1.3.02.05.02.0001,Kursi Kayu,lainnya,Kursi Taman Custom,Buah,8961300,2026,Kabupaten Bandung,Perbup No.55 Tahun 2025
1.3.02.05.02.0001,Meja Kerja Kayu,lainnya,Meja,Unit,2558500,2026,Kabupaten Bandung,Perbup No.55 Tahun 2025
1.3.02.05.02.0001,Meja Kerja Kayu,lainnya,Meja Guru MG-75,Unit,1869500,2026,Kabupaten Bandung,Perbup No.55 Tahun 2025
1.3.02.05.02.0001,Meja Kerja Kayu,lainnya,MEJA GURU MG-75B,Unit,2169000,2026,Kabupaten Bandung,Perbup No.55 Tahun 2025
1.3.02.05.02.0001,Meja Kerja Kayu,lainnya,Meja Guru/Dosen/Staf Type Mg-5A,Unit,3094000,2026,Kabupaten Bandung,Perbup No.55 Tahun 2025
1.3.02.05.02.0001,Meja Kerja Kayu,lainnya,Meja Kerja,Buah,5442800,2026,Kabupaten Bandung,Perbup No.55 Tahun 2025
1.3.02.05.02.0001,Meja Kerja Kayu,lainnya,Meja Kerja Untuk Staf,Buah,4165000,2026,Kabupaten Bandung,Perbup No.55 Tahun 2025
1.3.02.05.02.0001,Meja Makan Kayu,lainnya,Meja Set 2s,Unit,9102700,2026,Kabupaten Bandung,Perbup No.55 Tahun 2025
1.3.02.07.01.0001,Mandrin Cath,lainnya,,Pcs,1500000,2026,Kabupaten Bandung,Perbup No.55 Tahun 2025
1.3.02.07.01.0007,Cataract Set,lainnya,,Unit,150253156,2026,Kabupaten Bandung,Perbup No.55 Tahun 2025
1.3.02.08.01.0019,Spatula,lainnya,Spatula/ Besi,Buah,25000,2026,Kabupaten Bandung,Perbup No.55 Tahun 2025
1.3.02.08.03.0013,"Terapi Fisik, Tuna",lainnya,Puzzle Stiker Kayu,Buah,20000,2026,Kabupaten Bandung,Perbup No.55 Tahun 2025
1.3.02.08.03.0015,Meja Pasir PAUD,lainnya,,Set,1940000,2026,Kabupaten Bandung,Perbup No.55 Tahun 2025
1.3.02.10.02.0004,Kabel Utp,lainnya,Kabel UTP Cat 5e UTP LAN Network Cable,Unit,1441100,2026,Kabupaten Bandung,Perbup No.55 Tahun 2025
1.3.02.18.01.0001,Warning Light PLN Tiang Siku Besi Bulat,lainnya,,Unit,33000000,2026,Kabupaten Bandung,Perbup No.55 Tahun 2025
1.3.02.19.01.0002,Prosotan Besi Besar,lainnya,,Unit,2300000,2026,Kabupaten Bandung,Perbup No.55 Tahun 2025
1.3.02.19.01.0002,Prosotan Besi Kecil,lainnya,,Unit,2000000,2026,Kabupaten Bandung,Perbup No.55 Tahun 2025
8.1.02.02.01.0015,Pemeriksaan Sampel Iron/Besi Test,lainnya,,Sampel,69000,2026,Kabupaten Bandung,Perbup No.55 Tahun 2025
8.1.02.02.01.0016,,lainnya,,Tukang Batu,22500,2026,Kabupaten Bandung,Perbup No.55 Tahun 2025
8.1.02.02.01.0016,,lainnya,,Tukang Besi,22500,2026,Kabupaten Bandung,Perbup No.55 Tahun 2025
8.1.02.02.01.0016,,lainnya,,Tukang Besi Konstruksi,22500,2026,Kabupaten Bandung,Perbup No.55 Tahun 2025
8.1.02.02.01.0016,,lainnya,,Tukang Besi Profil,22500,2026,Kabupaten Bandung,Perbup No.55 Tahun 2025
8.1.02.02.01.0016,,lainnya,,Tukang Cat,22500,2026,Kabupaten Bandung,Perbup No.55 Tahun 2025
8.1.02.02.01.0016,,lainnya,,Tukang Kayu,22500,2026,Kabupaten Bandung,Perbup No.55 Tahun 2025
8.1.02.02.01.0016,,lainnya,,Tukang Batu,157500,2026,Kabupaten Bandung,Perbup No.55 Tahun 2025
8.1.02.02.01.0016,,lainnya,,Tukang Besi,157500,2026,Kabupaten Bandung,Perbup No.55 Tahun 2025
8.1.02.02.01.0016,,lainnya,,Tukang Besi Konstruksi,157500,2026,Kabupaten Bandung,Perbup No.55 Tahun 2025
8.1.02.02.01.0016,,lainnya,,Tukang Besi Profil,157500,2026,Kabupaten Bandung,Perbup No.55 Tahun 2025
8.1.02.02.01.0016,,lainnya,,Tukang Cat,157500,2026,Kabupaten Bandung,Perbup No.55 Tahun 2025
8.1.02.02.01.0016,,lainnya,,Tukang Kayu,157500,2026,Kabupaten Bandung,Perbup No.55 Tahun 2025
8.1.02.02.01.0053,"Hunian/Pekarangan, Luas Tanah (m2) 1 s.d. 100",lainnya,,Pekerjaan,2500758,2026,Kabupaten Bandung,Perbup No.55 Tahun 2025
8.1.02.02.01.0053,"Hunian/Pekarangan, Luas Tanah (m2) 1.001 s.d. 5.000",lainnya,,Pekerjaan,7040235,2026,Kabupaten Bandung,Perbup No.55 Tahun 2025
8.1.02.02.01.0053,,lainnya,"Hunian/Pekarangan, Luas Tanah (m2) 10.001 s.d. 20.000",Pekerjaan,13067763,2026,Kabupaten Bandung,Perbup No.55 Tahun 2025
8.1.02.02.01.0053,"Hunian/Pekarangan, Luas Tanah (m2) 101 s.d. 200",lainnya,,Pekerjaan,2694320,2026,Kabupaten Bandung,Perbup No.55 Tahun 2025
8.1.02.02.01.0053,,lainnya,"Hunian/Pekarangan, Luas Tanah (m2) 20.001 s.d. 99.999",Pekerjaan,14576114,2026,Kabupaten Bandung,Perbup No.55 Tahun 2025
8.1.02.02.01.0053,"Hunian/Pekarangan, Luas Tanah (m2) 201 s.d. 300",lainnya,,Pekerjaan,2981197,2026,Kabupaten Bandung,Perbup No.55 Tahun 2025
8.1.02.02.01.0053,"Hunian/Pekarangan, Luas Tanah (m2) 301 s.d. 400",lainnya,,Pekerjaan,3193109,2026,Kabupaten Bandung,Perbup No.55 Tahun 2025
8.1.02.02.01.0053,"Hunian/Pekarangan, Luas Tanah (m2) 401 s.d. 500",lainnya,,Pekerjaan,3337865,2026,Kabupaten Bandung,Perbup No.55 Tahun 2025
8.1.02.02.01.0053,"Hunian/Pekarangan, Luas Tanah (m2) 5.001 s.d. 10.000",lainnya,,Pekerjaan,10875737,2026,Kabupaten Bandung,Perbup No.55 Tahun 2025
8.1.02.02.01.0053,"Hunian/Pekarangan, Luas Tanah (m2) 501 s.d. 1.000",lainnya,,Pekerjaan,5227033,2026,Kabupaten Bandung,Perbup No.55 Tahun 2025
8.1.02.02.01.0053,"Industri, Luas Tanah (m2) 1 s.d. 100",lainnya,,Pekerjaan,3751137,2026,Kabupaten Bandung,Perbup No.55 Tahun 2025
8.1.02.02.01.0053,"Industri, Luas Tanah (m2) 1.001 s.d. 5.000",lainnya,,Pekerjaan,10560352,2026,Kabupaten Bandung,Perbup No.55 Tahun 2025
8.1.02.02.01.0053,"Industri, Luas Tanah (m2) 10.001 s.d. 20.000",lainnya,,Pekerjaan,19601645,2026,Kabupaten Bandung,Perbup No.55 Tahun 2025
8.1.02.02.01.0053,"Industri, Luas Tanah (m2) 101 s.d. 200",lainnya,,Pekerjaan,4041480,2026,Kabupaten Bandung,Perbup No.55 Tahun 2025
8.1.02.02.01.0053,"Industri, Luas Tanah (m2) 20.001 s.d. 99.999",lainnya,,Pekerjaan,21864171,2026,Kabupaten Bandung,Perbup No.55 Tahun 2025
8.1.02.02.01.0053,"Industri, Luas Tanah (m2) 201 s.d. 300",lainnya,,Pekerjaan,4471796,2026,Kabupaten Bandung,Perbup No.55 Tahun 2025
8.1.02.02.01.0053,"Industri, Luas Tanah (m2) 301 s.d. 400",lainnya,,Pekerjaan,4789664,2026,Kabupaten Bandung,Perbup No.55 Tahun 2025
8.1.02.02.01.0053,"Industri, Luas Tanah (m2) 401 s.d. 500",lainnya,,Pekerjaan,5006798,2026,Kabupaten Bandung,Perbup No.55 Tahun 2025
8.1.02.02.01.0053,"Industri, Luas Tanah (m2) 5.001 s.d. 10.000",lainnya,,Pekerjaan,16313605,2026,Kabupaten Bandung,Perbup No.55 Tahun 2025
8.1.02.02.01.0053,"Industri, Luas Tanah (m2) 501 s.d. 1.000",lainnya,,Pekerjaan,7840549,2026,Kabupaten Bandung,Perbup No.55 Tahun 2025
8.1.02.02.01.0053,"Komersial, Luas Tanah (m2) 1 s.d. 100",lainnya,,Pekerjaan,3125948,2026,Kabupaten Bandung,Perbup No.55 Tahun 2025
8.1.02.02.01.0053,"Komersial, Luas Tanah (m2) 1.001 s.d. 5.000",lainnya,,Pekerjaan,8800293,2026,Kabupaten Bandung,Perbup No.55 Tahun 2025
8.1.02.02.01.0053,"Komersial, Luas Tanah (m2) 10.001 s.d. 20.000",lainnya,,Pekerjaan,16334704,2026,Kabupaten Bandung,Perbup No.55 Tahun 2025
8.1.02.02.01.0053,"Komersial, Luas Tanah (m2) 101 s.d. 200",lainnya,,Pekerjaan,3367900,2026,Kabupaten Bandung,Perbup No.55 Tahun 2025
8.1.02.02.01.0053,"Komersial, Luas Tanah (m2) 20.001 s.d. 99.999",lainnya,,Pekerjaan,18220142,2026,Kabupaten Bandung,Perbup No.55 Tahun 2025
8.1.02.02.01.0053,"Komersial, Luas Tanah (m2) 201 s.d. 300",lainnya,,Pekerjaan,3726497,2026,Kabupaten Bandung,Perbup No.55 Tahun 2025
8.1.02.02.01.0053,"Komersial, Luas Tanah (m2) 301 s.d. 400",lainnya,,Pekerjaan,3991387,2026,Kabupaten Bandung,Perbup No.55 Tahun 2025
8.1.02.02.01.0053,"Komersial, Luas Tanah (m2) 401 s.d. 500",lainnya,,Pekerjaan,4172331,2026,Kabupaten Bandung,Perbup No.55 Tahun 2025
8.1.02.02.01.0053,"Komersial, Luas Tanah (m2) 5.001 s.d. 10.000",lainnya,,Pekerjaan,13594671,2026,Kabupaten Bandung,Perbup No.55 Tahun 2025
8.1.02.02.01.0053,"Komersial, Luas Tanah (m2) 501 s.d. 1.000",lainnya,,Pekerjaan,6533791,2026,Kabupaten Bandung,Perbup No.55 Tahun 2025
8.1.02.02.01.0053,"Pertanian/Perkebunan, Luas Tanah (m2) 1 s.d. 100",lainnya,,Pekerjaan,1875569,2026,Kabupaten Bandung,Perbup No.55 Tahun 2025
8.1.02.02.01.0053,,lainnya,"Pertanian/Perkebunan, Luas Tanah (m2) 1.001 s.d. 5.000",Pekerjaan,5280176,2026,Kabupaten Bandung,Perbup No.55 Tahun 2025
8.1.02.02.01.0053,"Pertanian/Perkebunan, Luas Tanah (m2) 101 s.d. 200",lainnya,,Pekerjaan,2020740,2026,Kabupaten Bandung,Perbup No.55 Tahun 2025
8.1.02.02.01.0053,"Pertanian/Perkebunan, Luas Tanah (m2) 201 s.d. 300",lainnya,,Pekerjaan,2235898,2026,Kabupaten Bandung,Perbup No.55 Tahun 2025
8.1.02.02.01.0053,"Pertanian/Perkebunan, Luas Tanah (m2) 301 s.d. 400",lainnya,,Pekerjaan,2394832,2026,Kabupaten Bandung,Perbup No.55 Tahun 2025
8.1.02.02.01.0053,"Pertanian/Perkebunan, Luas Tanah (m2) 401 s.d. 500",lainnya,,Pekerjaan,2503399,2026,Kabupaten Bandung,Perbup No.55 Tahun 2025
8.1.02.02.01.0053,,lainnya,"Pertanian/Perkebunan, Luas Tanah (m2) 501 s.d. 1.000",Pekerjaan,3920275,2026,Kabupaten Bandung,Perbup No.55 Tahun 2025
8.1.02.02.01.0053,Tanah Pekarangan / Perkantoran Luas > 500 M2,lainnya,,Pekerjaan,5800000,2026,Kabupaten Bandung,Perbup No.55 Tahun 2025
8.1.02.02.01.0053,Tanah Pekarangan / Perkantoran Luas s.d 200 M2,lainnya,,Pekerjaan,3155000,2026,Kabupaten Bandung,Perbup No.55 Tahun 2025
8.1.02.02.01.0053,Tanah Pertanian / Perkebunan Luas > 20.000 M2,lainnya,,Pekerjaan,10800000,2026,Kabupaten Bandung,Perbup No.55 Tahun 2025
8.1.02.02.01.0053,Tanah Pertanian / Perkebunan Luas s.d 500 M2,lainnya,,Pekerjaan,1595000,2026,Kabupaten Bandung,Perbup No.55 Tahun 2025
8.1.02.02.01.0054,Jasa Jalan/Tol,lainnya,E - Toll Soreang - Pasir Koja,Kali,7500,2026,Kabupaten Bandung,Perbup No.55 Tahun 2025
8.1.02.02.03.0002,Sewa Aset Tanah PT.KAI Majalaya,lainnya,,Tahun,353363878,2026,Kabupaten Bandung,Perbup No.55 Tahun 2025
8.1.02.02.04.0006,Alat Corring Pengambilan Aspal,lainnya,,Jam,160500,2026,Kabupaten Bandung,Perbup No.55 Tahun 2025
8.1.02.02.04.0008,Alat Corring Beton,lainnya,,Jam,214000,2026,Kabupaten Bandung,Perbup No.55 Tahun 2025
8.1.02.02.04.0012,Alat Penggetar Beton 4 HP,lainnya,,Jam,1569700,2026,Kabupaten Bandung,Perbup No.55 Tahun 2025
8.1.02.02.04.0012,Mesin Penyemprot Aspal 200 Ltr,lainnya,,Jam,259600,2026,Kabupaten Bandung,Perbup No.55 Tahun 2025
8.1.02.02.04.0012,Molen/Beton Mixer 0.35 m3,lainnya,,Hari,625000,2026,Kabupaten Bandung,Perbup No.55 Tahun 2025
8.1.02.02.04.0012,Molen/Beton Mixer 0.35 m3 Automatic Feeder,lainnya,,Hari,662900,2026,Kabupaten Bandung,Perbup No.55 Tahun 2025
8.1.02.02.04.0012,"Pompa Beton ∅ 1.5""; 5 KW; 8 Bar; T = 5 m",lainnya,,Hari,3745000,2026,Kabupaten Bandung,Perbup No.55 Tahun 2025
8.1.02.02.04.0012,"Pompa Beton ∅ 2.5""; 20KW; 20 Bar. T = 18 m",lainnya,,Hari,4815000,2026,Kabupaten Bandung,Perbup No.55 Tahun 2025
8.1.02.02.04.0012,,lainnya,"Pompa Beton ∅ 2.5""; 75KW; 120 Bar. T= 50 m / H = 80 m",Hari,6955000,2026,Kabupaten Bandung,Perbup No.55 Tahun 2025
8.1.02.02.04.0023,Sewa Pompa,lainnya,"Pompa Sedot Pasir, Diesel 10 KW; 5""",Hari,645000,2026,Kabupaten Bandung,Perbup No.55 Tahun 2025
8.1.02.02.04.0023,Sewa Pompa,lainnya,"Pompa Sedot Pasir, Diesel 20 KW; 5""",Hari,854000,2026,Kabupaten Bandung,Perbup No.55 Tahun 2025
8.1.02.02.04.0034,Alat Bantu Galian Tanah,lainnya,,Ls,107000,2026,Kabupaten Bandung,Perbup No.55 Tahun 2025
8.1.02.02.04.0034,Bekisting ( Dari Plat Besi ),lainnya,,Jam,42800,2026,Kabupaten Bandung,Perbup No.55 Tahun 2025
8.1.02.02.04.0034,Cutter Baja Beton,lainnya,,Hari,695500,2026,Kabupaten Bandung,Perbup No.55 Tahun 2025
8.1.02.02.04.0034,Cutting Beton,lainnya,,Jam,94900,2026,Kabupaten Bandung,Perbup No.55 Tahun 2025
8.1.02.02.04.0034,"Pompa Sedot Pasir Diesel 7.5 KW; 5""",lainnya,,Hari,401300,2026,Kabupaten Bandung,Perbup No.55 Tahun 2025
8.1.02.02.04.0059,Bender Baja Beton,lainnya,,Hari,440300,2026,Kabupaten Bandung,Perbup No.55 Tahun 2025
8.1.02.02.04.0064,Gergaji Besi (Baja Keras),lainnya,,Hari,48200,2026,Kabupaten Bandung,Perbup No.55 Tahun 2025
8.1.02.02.04.0075,Pahat Beton (Baja Keras),lainnya,,Hari,62100,2026,Kabupaten Bandung,Perbup No.55 Tahun 2025
8.1.02.02.04.0075,Palu/Godam (Baja Keras),lainnya,,Hari,59900,2026,Kabupaten Bandung,Perbup No.55 Tahun 2025
8.1.02.02.04.0075,Sewa Pasir,lainnya,,M3,674100,2026,Kabupaten Bandung,Perbup No.55 Tahun 2025
8.1.02.02.04.0103,Pengolahan Tanah,lainnya,Linggis (Baja Keras),Hari,54000,2026,Kabupaten Bandung,Perbup No.55 Tahun 2025
8.1.02.02.09.0033,Konsultansi,lainnya,Pelepasan Hak (Nilai Tanah = < 100 jt),Paket,2500000,2026,Kabupaten Bandung,Perbup No.55 Tahun 2025
8.1.02.02.09.0033,Konsultansi,lainnya,Pelepasan Hak (Nilai Tanah = 1.000 - 5.000 jt),Paket,50000000,2026,Kabupaten Bandung,Perbup No.55 Tahun 2025
8.1.02.02.09.0033,Konsultansi,lainnya,Pelepasan Hak (Nilai Tanah = 10.000 - 100.000 jt),Paket,1000000000,2026,Kabupaten Bandung,Perbup No.55 Tahun 2025
8.1.02.02.09.0033,Konsultansi,lainnya,Pelepasan Hak (Nilai Tanah = 100 - 1.000 jt),Paket,15000000,2026,Kabupaten Bandung,Perbup No.55 Tahun 2025
8.1.02.02.09.0033,Konsultansi,lainnya,Pelepasan Hak (Nilai Tanah = 5.000 - 10.000 jt),Paket,100000000,2026,Kabupaten Bandung,Perbup No.55 Tahun 2025
